<?xml version="1.0" encoding="UTF-8"?>
<package id="1" uuid="c2dd573e-5982-4ecc-8b83-af50fe3202a9">
  <dateCreated id="2">2017-04-18 00:35:46</dateCreated>
  <name>RelationshipType</name>
  <description>RelationshipType required to start the OpenMRS distribution for Cambodia. We need this package to hide the &quot;Relationships&quot; section on the Bahmni registration form</description>
  <openmrsVersion>2.0.4  Build ad0cff</openmrsVersion>
  <version>1</version>
  <groupUuid>aad0d796-79a0-4d06-a651-90114eb0e059</groupUuid>
  <modules id="3">
    <entry>
      <string>calculation</string>
      <string>1.3-SNAPSHOT</string>
    </entry>
    <entry>
      <string>legacyui</string>
      <string>1.2.4-SNAPSHOT</string>
    </entry>
    <entry>
      <string>metadatasharing</string>
      <string>1.2.2</string>
    </entry>
    <entry>
      <string>elisatomfeedclient</string>
      <string>0.88-SNAPSHOT</string>
    </entry>
    <entry>
      <string>bedmanagement</string>
      <string>5.6-SNAPSHOT</string>
    </entry>
    <entry>
      <string>providermanagement</string>
      <string>2.5.0</string>
    </entry>
    <entry>
      <string>bacteriology</string>
      <string>1.1-SNAPSHOT</string>
    </entry>
    <entry>
      <string>htmlwidgets</string>
      <string>1.7.3-SNAPSHOT</string>
    </entry>
    <entry>
      <string>reference-data</string>
      <string>0.88-SNAPSHOT</string>
    </entry>
    <entry>
      <string>addresshierarchy</string>
      <string>2.9</string>
    </entry>
    <entry>
      <string>uiframework</string>
      <string>3.8</string>
    </entry>
    <entry>
      <string>rulesengine</string>
      <string>0.88-SNAPSHOT</string>
    </entry>
    <entry>
      <string>idgen-webservices</string>
      <string>1.1-SNAPSHOT</string>
    </entry>
    <entry>
      <string>event</string>
      <string>2.5</string>
    </entry>
    <entry>
      <string>uicommons</string>
      <string>1.10-SNAPSHOT</string>
    </entry>
    <entry>
      <string>reporting</string>
      <string>0.10.4</string>
    </entry>
    <entry>
      <string>emrapi</string>
      <string>1.20</string>
    </entry>
    <entry>
      <string>episodes</string>
      <string>1.0-SNAPSHOT</string>
    </entry>
    <entry>
      <string>idgen</string>
      <string>4.4-SNAPSHOT</string>
    </entry>
    <entry>
      <string>bahmnicore</string>
      <string>0.88-SNAPSHOT</string>
    </entry>
    <entry>
      <string>uilibrary</string>
      <string>2.0.5-SNAPSHOT</string>
    </entry>
    <entry>
      <string>appframework</string>
      <string>2.10-SNAPSHOT</string>
    </entry>
    <entry>
      <string>webservices.rest</string>
      <string>2.17.1cd94b</string>
    </entry>
    <entry>
      <string>openmrs-atomfeed</string>
      <string>2.5.5-SNAPSHOT</string>
    </entry>
    <entry>
      <string>metadatamapping</string>
      <string>1.2.1</string>
    </entry>
    <entry>
      <string>bahmni.ie.apps</string>
      <string>0.88-SNAPSHOT</string>
    </entry>
    <entry>
      <string>serialization.xstream</string>
      <string>0.2.12</string>
    </entry>
  </modules>
  <items class="linked-hash-set" id="4">
    <org.openmrs.module.metadatasharing.Item id="5" uuid="03ecf59a-4c7a-11e5-9192-080027b662ec">
      <id>1</id>
      <classname>org.openmrs.RelationshipType</classname>
      <dateChanged id="6">2017-04-18 00:35:11</dateChanged>
      <retired>true</retired>
    </org.openmrs.module.metadatasharing.Item>
    <org.openmrs.module.metadatasharing.Item id="7" uuid="03ed3084-4c7a-11e5-9192-080027b662ec">
      <id>2</id>
      <classname>org.openmrs.RelationshipType</classname>
      <dateChanged id="8">2017-04-18 00:35:19</dateChanged>
      <retired>true</retired>
    </org.openmrs.module.metadatasharing.Item>
    <org.openmrs.module.metadatasharing.Item id="9" uuid="03ed79c5-4c7a-11e5-9192-080027b662ec">
      <id>3</id>
      <classname>org.openmrs.RelationshipType</classname>
      <dateChanged id="10">2017-04-18 00:35:26</dateChanged>
      <retired>true</retired>
    </org.openmrs.module.metadatasharing.Item>
    <org.openmrs.module.metadatasharing.Item id="11" uuid="2a5f4ff4-a179-4b8a-aa4c-40f71956ebbc">
      <id>4</id>
      <classname>org.openmrs.RelationshipType</classname>
      <dateChanged id="12">2017-04-18 00:35:35</dateChanged>
      <retired>true</retired>
    </org.openmrs.module.metadatasharing.Item>
  </items>
  <relatedItems class="linked-hash-set" id="13"/>
</package>
