Uuid,Void/Retire,_version:1,_order:499
dbdb223a-4e14-11e4-8a57-0800271c1b75,TRUE,,
dbeac028-4e14-11e4-8a57-0800271c1b75,TRUE,,
dbf42f7b-4e14-11e4-8a57-0800271c1b75,TRUE,,
dbfd840c-4e14-11e4-8a57-0800271c1b75,TRUE,,
dc0e12e5-4e14-11e4-8a57-0800271c1b75,TRUE,,
dc137a97-4e14-11e4-8a57-0800271c1b75,TRUE,,
dc1542ec-4e14-11e4-8a57-0800271c1b75,TRUE,,
dc17c8da-4e14-11e4-8a57-0800271c1b75,TRUE,,
dc1a0af8-4e14-11e4-8a57-0800271c1b75,TRUE,,
dc1ca506-4e14-11e4-8a57-0800271c1b75,TRUE,,
dc20b80b-4e14-11e4-8a57-0800271c1b75,TRUE,,
dc22f39a-4e14-11e4-8a57-0800271c1b75,TRUE,,
dc259dd6-4e14-11e4-8a57-0800271c1b75,TRUE,,
dc28e4c4-4e14-11e4-8a57-0800271c1b75,TRUE,,
dc5be9ad-4e14-11e4-8a57-0800271c1b75,TRUE,,
dc5e310f-4e14-11e4-8a57-0800271c1b75,TRUE,,
dc5ff97f-4e14-11e4-8a57-0800271c1b75,TRUE,,
dc61faf6-4e14-11e4-8a57-0800271c1b75,TRUE,,
dc65ef6f-4e14-11e4-8a57-0800271c1b75,TRUE,,
dc685b50-4e14-11e4-8a57-0800271c1b75,TRUE,,
dc6bf34b-4e14-11e4-8a57-0800271c1b75,TRUE,,
dc6f43e9-4e14-11e4-8a57-0800271c1b75,TRUE,,
dc7110f7-4e14-11e4-8a57-0800271c1b75,TRUE,,
dc7dbde7-4e14-11e4-8a57-0800271c1b75,TRUE,,
dc7f828e-4e14-11e4-8a57-0800271c1b75,TRUE,,
dc81d89f-4e14-11e4-8a57-0800271c1b75,TRUE,,
dc850607-4e14-11e4-8a57-0800271c1b75,TRUE,,
dc86f3c2-4e14-11e4-8a57-0800271c1b75,TRUE,,
dc8b2f7a-4e14-11e4-8a57-0800271c1b75,TRUE,,
dcc72ff2-4e14-11e4-8a57-0800271c1b75,TRUE,,
dccca693-4e14-11e4-8a57-0800271c1b75,TRUE,,
dcd04e6a-4e14-11e4-8a57-0800271c1b75,TRUE,,
dcd3d54c-4e14-11e4-8a57-0800271c1b75,TRUE,,
dd1347e2-4e14-11e4-8a57-0800271c1b75,TRUE,,
dd17806e-4e14-11e4-8a57-0800271c1b75,TRUE,,
dd1ddc9f-4e14-11e4-8a57-0800271c1b75,TRUE,,
dd21b6d6-4e14-11e4-8a57-0800271c1b75,TRUE,,
dd2848f9-4e14-11e4-8a57-0800271c1b75,TRUE,,
dd2ba2ef-4e14-11e4-8a57-0800271c1b75,TRUE,,
dd2e01ef-4e14-11e4-8a57-0800271c1b75,TRUE,,
dd34648e-4e14-11e4-8a57-0800271c1b75,TRUE,,
dd3913a5-4e14-11e4-8a57-0800271c1b75,TRUE,,
dd70b807-4e14-11e4-8a57-0800271c1b75,TRUE,,
ddafc553-4e14-11e4-8a57-0800271c1b75,TRUE,,
ddb36316-4e14-11e4-8a57-0800271c1b75,TRUE,,
ddb8891e-4e14-11e4-8a57-0800271c1b75,TRUE,,
ddbc1654-4e14-11e4-8a57-0800271c1b75,TRUE,,
ddbe0d46-4e14-11e4-8a57-0800271c1b75,TRUE,,
ddc1b795-4e14-11e4-8a57-0800271c1b75,TRUE,,
ddc54fb3-4e14-11e4-8a57-0800271c1b75,TRUE,,
ddfcf23a-4e14-11e4-8a57-0800271c1b75,TRUE,,
de005e55-4e14-11e4-8a57-0800271c1b75,TRUE,,
de047844-4e14-11e4-8a57-0800271c1b75,TRUE,,
de07c5d2-4e14-11e4-8a57-0800271c1b75,TRUE,,
de0be4e3-4e14-11e4-8a57-0800271c1b75,TRUE,,
de0dfacb-4e14-11e4-8a57-0800271c1b75,TRUE,,
de13c3b7-4e14-11e4-8a57-0800271c1b75,TRUE,,
de16b3ad-4e14-11e4-8a57-0800271c1b75,TRUE,,
de18f523-4e14-11e4-8a57-0800271c1b75,TRUE,,
de1bf62b-4e14-11e4-8a57-0800271c1b75,TRUE,,
de1ee757-4e14-11e4-8a57-0800271c1b75,TRUE,,
de562fbf-4e14-11e4-8a57-0800271c1b75,TRUE,,
de597f36-4e14-11e4-8a57-0800271c1b75,TRUE,,
de5b7922-4e14-11e4-8a57-0800271c1b75,TRUE,,
de5eef32-4e14-11e4-8a57-0800271c1b75,TRUE,,
de617543-4e14-11e4-8a57-0800271c1b75,TRUE,,
de6540ab-4e14-11e4-8a57-0800271c1b75,TRUE,,
de681f1b-4e14-11e4-8a57-0800271c1b75,TRUE,,
de6a571a-4e14-11e4-8a57-0800271c1b75,TRUE,,
de6d703e-4e14-11e4-8a57-0800271c1b75,TRUE,,
dea2d297-4e14-11e4-8a57-0800271c1b75,TRUE,,
deb0b5a0-4e14-11e4-8a57-0800271c1b75,TRUE,,
deb301a2-4e14-11e4-8a57-0800271c1b75,TRUE,,
deef5de0-4e14-11e4-8a57-0800271c1b75,TRUE,,
def2ebfe-4e14-11e4-8a57-0800271c1b75,TRUE,,
def763ab-4e14-11e4-8a57-0800271c1b75,TRUE,,
df6b49e5-4e14-11e4-8a57-0800271c1b75,TRUE,,
df9a2663-4e14-11e4-8a57-0800271c1b75,TRUE,,
df9da70c-4e14-11e4-8a57-0800271c1b75,TRUE,,
e0146da8-4e14-11e4-8a57-0800271c1b75,TRUE,,
e052a2ce-4e14-11e4-8a57-0800271c1b75,TRUE,,
e0581701-4e14-11e4-8a57-0800271c1b75,TRUE,,
e05cc030-4e14-11e4-8a57-0800271c1b75,TRUE,,
e05f04e8-4e14-11e4-8a57-0800271c1b75,TRUE,,
e0631556-4e14-11e4-8a57-0800271c1b75,TRUE,,
e09e8e4e-4e14-11e4-8a57-0800271c1b75,TRUE,,
e0a127ea-4e14-11e4-8a57-0800271c1b75,TRUE,,
e0a41580-4e14-11e4-8a57-0800271c1b75,TRUE,,
e0cc38dc-4e14-11e4-8a57-0800271c1b75,TRUE,,
e0d092f7-4e14-11e4-8a57-0800271c1b75,TRUE,,
e0d42dc3-4e14-11e4-8a57-0800271c1b75,TRUE,,
e0d7f059-4e14-11e4-8a57-0800271c1b75,TRUE,,
e0d9b5bb-4e14-11e4-8a57-0800271c1b75,TRUE,,
e0dcab74-4e14-11e4-8a57-0800271c1b75,TRUE,,
e0de87b3-4e14-11e4-8a57-0800271c1b75,TRUE,,
e11b2290-4e14-11e4-8a57-0800271c1b75,TRUE,,
e11fecb5-4e14-11e4-8a57-0800271c1b75,TRUE,,
e122da65-4e14-11e4-8a57-0800271c1b75,TRUE,,
e124c623-4e14-11e4-8a57-0800271c1b75,TRUE,,
e1282687-4e14-11e4-8a57-0800271c1b75,TRUE,,
e12ceb8e-4e14-11e4-8a57-0800271c1b75,TRUE,,
e12f2709-4e14-11e4-8a57-0800271c1b75,TRUE,,
e13466bb-4e14-11e4-8a57-0800271c1b75,TRUE,,
e1378d96-4e14-11e4-8a57-0800271c1b75,TRUE,,
e13bbf99-4e14-11e4-8a57-0800271c1b75,TRUE,,
e13f6f9e-4e14-11e4-8a57-0800271c1b75,TRUE,,
e1436b09-4e14-11e4-8a57-0800271c1b75,TRUE,,
e145a566-4e14-11e4-8a57-0800271c1b75,TRUE,,
e14a6aa9-4e14-11e4-8a57-0800271c1b75,TRUE,,
e186e253-4e14-11e4-8a57-0800271c1b75,TRUE,,
e18d4e47-4e14-11e4-8a57-0800271c1b75,TRUE,,
e1c2ecee-4e14-11e4-8a57-0800271c1b75,TRUE,,
e1ff4375-4e14-11e4-8a57-0800271c1b75,TRUE,,
e201d65e-4e14-11e4-8a57-0800271c1b75,TRUE,,
e2062770-4e14-11e4-8a57-0800271c1b75,TRUE,,
e2096bee-4e14-11e4-8a57-0800271c1b75,TRUE,,
e20baa38-4e14-11e4-8a57-0800271c1b75,TRUE,,
e210cad6-4e14-11e4-8a57-0800271c1b75,TRUE,,
e213df6e-4e14-11e4-8a57-0800271c1b75,TRUE,,
e21fe529-4e14-11e4-8a57-0800271c1b75,TRUE,,
e25be742-4e14-11e4-8a57-0800271c1b75,TRUE,,
e25ef871-4e14-11e4-8a57-0800271c1b75,TRUE,,
e2650939-4e14-11e4-8a57-0800271c1b75,TRUE,,
e269b436-4e14-11e4-8a57-0800271c1b75,TRUE,,
e26c9989-4e14-11e4-8a57-0800271c1b75,TRUE,,
e2a8a3ba-4e14-11e4-8a57-0800271c1b75,TRUE,,
e2abe77b-4e14-11e4-8a57-0800271c1b75,TRUE,,
e2adb329-4e14-11e4-8a57-0800271c1b75,TRUE,,
e2b14b2b-4e14-11e4-8a57-0800271c1b75,TRUE,,
e2e6d3fc-4e14-11e4-8a57-0800271c1b75,TRUE,,
e2e9ae81-4e14-11e4-8a57-0800271c1b75,TRUE,,
e2ed17a5-4e14-11e4-8a57-0800271c1b75,TRUE,,
e2f27b27-4e14-11e4-8a57-0800271c1b75,TRUE,,
e2f5aa22-4e14-11e4-8a57-0800271c1b75,TRUE,,
e2f8bf59-4e14-11e4-8a57-0800271c1b75,TRUE,,
e2fb736b-4e14-11e4-8a57-0800271c1b75,TRUE,,
e30022cd-4e14-11e4-8a57-0800271c1b75,TRUE,,
e3037d72-4e14-11e4-8a57-0800271c1b75,TRUE,,
e3088891-4e14-11e4-8a57-0800271c1b75,TRUE,,
e30c68f6-4e14-11e4-8a57-0800271c1b75,TRUE,,
e32b82c8-4e14-11e4-8a57-0800271c1b75,TRUE,,
e3317bb6-4e14-11e4-8a57-0800271c1b75,TRUE,,
e3338f3f-4e14-11e4-8a57-0800271c1b75,TRUE,,
e337000e-4e14-11e4-8a57-0800271c1b75,TRUE,,
e33ab2c7-4e14-11e4-8a57-0800271c1b75,TRUE,,
e33fc3d2-4e14-11e4-8a57-0800271c1b75,TRUE,,
e3427198-4e14-11e4-8a57-0800271c1b75,TRUE,,
e3464ba0-4e14-11e4-8a57-0800271c1b75,TRUE,,
e348335e-4e14-11e4-8a57-0800271c1b75,TRUE,,
e34c05cb-4e14-11e4-8a57-0800271c1b75,TRUE,,
e34fe9b9-4e14-11e4-8a57-0800271c1b75,TRUE,,
e353f85f-4e14-11e4-8a57-0800271c1b75,TRUE,,
e38f54d9-4e14-11e4-8a57-0800271c1b75,TRUE,,
e39326be-4e14-11e4-8a57-0800271c1b75,TRUE,,
e3994327-4e14-11e4-8a57-0800271c1b75,TRUE,,
e39cb19a-4e14-11e4-8a57-0800271c1b75,TRUE,,
e3dc04be-4e14-11e4-8a57-0800271c1b75,TRUE,,
e3e08144-4e14-11e4-8a57-0800271c1b75,TRUE,,
e3e3e7eb-4e14-11e4-8a57-0800271c1b75,TRUE,,
e3e60acc-4e14-11e4-8a57-0800271c1b75,TRUE,,
e3ea0318-4e14-11e4-8a57-0800271c1b75,TRUE,,
e3ed4ffd-4e14-11e4-8a57-0800271c1b75,TRUE,,
e3f044de-4e14-11e4-8a57-0800271c1b75,TRUE,,
e4291295-4e14-11e4-8a57-0800271c1b75,TRUE,,
e45db463-4e14-11e4-8a57-0800271c1b75,TRUE,,
e4614f25-4e14-11e4-8a57-0800271c1b75,TRUE,,
e465d8ef-4e14-11e4-8a57-0800271c1b75,TRUE,,
e46941b4-4e14-11e4-8a57-0800271c1b75,TRUE,,
e46bc0bf-4e14-11e4-8a57-0800271c1b75,TRUE,,
e46e6f21-4e14-11e4-8a57-0800271c1b75,TRUE,,
e4a391e6-4e14-11e4-8a57-0800271c1b75,TRUE,,
e4e48d1c-4e14-11e4-8a57-0800271c1b75,TRUE,,
e4e8ab00-4e14-11e4-8a57-0800271c1b75,TRUE,,
e4ec4d56-4e14-11e4-8a57-0800271c1b75,TRUE,,
e4ef6397-4e14-11e4-8a57-0800271c1b75,TRUE,,
e4f3e737-4e14-11e4-8a57-0800271c1b75,TRUE,,
e501e6f4-4e14-11e4-8a57-0800271c1b75,TRUE,,
e5063009-4e14-11e4-8a57-0800271c1b75,TRUE,,
e50a12a2-4e14-11e4-8a57-0800271c1b75,TRUE,,
e50d9a12-4e14-11e4-8a57-0800271c1b75,TRUE,,
e54cd3b8-4e14-11e4-8a57-0800271c1b75,TRUE,,
e5508fb6-4e14-11e4-8a57-0800271c1b75,TRUE,,
e555f79d-4e14-11e4-8a57-0800271c1b75,TRUE,,
e589b3cb-4e14-11e4-8a57-0800271c1b75,TRUE,,
e5c73457-4e14-11e4-8a57-0800271c1b75,TRUE,,
e5cb594d-4e14-11e4-8a57-0800271c1b75,TRUE,,
e5cedac0-4e14-11e4-8a57-0800271c1b75,TRUE,,
e5d0b57d-4e14-11e4-8a57-0800271c1b75,TRUE,,
e5d6453f-4e14-11e4-8a57-0800271c1b75,TRUE,,
e5da4a8f-4e14-11e4-8a57-0800271c1b75,TRUE,,
e5ddb58e-4e14-11e4-8a57-0800271c1b75,TRUE,,
e653b663-4e14-11e4-8a57-0800271c1b75,TRUE,,
e68f4b7d-4e14-11e4-8a57-0800271c1b75,TRUE,,
e692f4bb-4e14-11e4-8a57-0800271c1b75,TRUE,,
e694b33e-4e14-11e4-8a57-0800271c1b75,TRUE,,
e698c78f-4e14-11e4-8a57-0800271c1b75,TRUE,,
e69ba86c-4e14-11e4-8a57-0800271c1b75,TRUE,,
e69d7e15-4e14-11e4-8a57-0800271c1b75,TRUE,,
e6a0c404-4e14-11e4-8a57-0800271c1b75,TRUE,,
e6ac33c9-4e14-11e4-8a57-0800271c1b75,TRUE,,
e6ae1990-4e14-11e4-8a57-0800271c1b75,TRUE,,
e6b213e9-4e14-11e4-8a57-0800271c1b75,TRUE,,
e6b508fd-4e14-11e4-8a57-0800271c1b75,TRUE,,
e6c10d5e-4e14-11e4-8a57-0800271c1b75,TRUE,,
e6c4ef67-4e14-11e4-8a57-0800271c1b75,TRUE,,
e6fa50f5-4e14-11e4-8a57-0800271c1b75,TRUE,,
e6fc80f3-4e14-11e4-8a57-0800271c1b75,TRUE,,
e6ffb068-4e14-11e4-8a57-0800271c1b75,TRUE,,
e7059bf8-4e14-11e4-8a57-0800271c1b75,TRUE,,
e7096085-4e14-11e4-8a57-0800271c1b75,TRUE,,
e70c818c-4e14-11e4-8a57-0800271c1b75,TRUE,,
e71029d3-4e14-11e4-8a57-0800271c1b75,TRUE,,
e715214a-4e14-11e4-8a57-0800271c1b75,TRUE,,
e71744cc-4e14-11e4-8a57-0800271c1b75,TRUE,,
e71e5556-4e14-11e4-8a57-0800271c1b75,TRUE,,
e724fe52-4e14-11e4-8a57-0800271c1b75,TRUE,,
e7282f0d-4e14-11e4-8a57-0800271c1b75,TRUE,,
e767f2af-4e14-11e4-8a57-0800271c1b75,TRUE,,
e76a0266-4e14-11e4-8a57-0800271c1b75,TRUE,,
e76d6d6a-4e14-11e4-8a57-0800271c1b75,TRUE,,
e770d9f4-4e14-11e4-8a57-0800271c1b75,TRUE,,
e77450cb-4e14-11e4-8a57-0800271c1b75,TRUE,,
e777b49e-4e14-11e4-8a57-0800271c1b75,TRUE,,
e77a213c-4e14-11e4-8a57-0800271c1b75,TRUE,,
e7823b51-4e14-11e4-8a57-0800271c1b75,TRUE,,
e78419b8-4e14-11e4-8a57-0800271c1b75,TRUE,,
e787e121-4e14-11e4-8a57-0800271c1b75,TRUE,,
e78b1cc5-4e14-11e4-8a57-0800271c1b75,TRUE,,
e78d37f0-4e14-11e4-8a57-0800271c1b75,TRUE,,
e790c430-4e14-11e4-8a57-0800271c1b75,TRUE,,
e7d12a11-4e14-11e4-8a57-0800271c1b75,TRUE,,
e7f15093-4e14-11e4-8a57-0800271c1b75,TRUE,,
e7f4b8cc-4e14-11e4-8a57-0800271c1b75,TRUE,,
e7f8506e-4e14-11e4-8a57-0800271c1b75,TRUE,,
e82e4ea1-4e14-11e4-8a57-0800271c1b75,TRUE,,
e86b663e-4e14-11e4-8a57-0800271c1b75,TRUE,,
e86f642f-4e14-11e4-8a57-0800271c1b75,TRUE,,
e872c822-4e14-11e4-8a57-0800271c1b75,TRUE,,
e8749ff4-4e14-11e4-8a57-0800271c1b75,TRUE,,
e8789705-4e14-11e4-8a57-0800271c1b75,TRUE,,
e87d161a-4e14-11e4-8a57-0800271c1b75,TRUE,,
e880bff6-4e14-11e4-8a57-0800271c1b75,TRUE,,
e8826641-4e14-11e4-8a57-0800271c1b75,TRUE,,
e886a16d-4e14-11e4-8a57-0800271c1b75,TRUE,,
e88a4be7-4e14-11e4-8a57-0800271c1b75,TRUE,,
e88bdcb0-4e14-11e4-8a57-0800271c1b75,TRUE,,
e88fcfb4-4e14-11e4-8a57-0800271c1b75,TRUE,,
e8c7c985-4e14-11e4-8a57-0800271c1b75,TRUE,,
e8ca9fae-4e14-11e4-8a57-0800271c1b75,TRUE,,
e8ce4a66-4e14-11e4-8a57-0800271c1b75,TRUE,,
e8d06c2e-4e14-11e4-8a57-0800271c1b75,TRUE,,
e905096c-4e14-11e4-8a57-0800271c1b75,TRUE,,
e907dcb4-4e14-11e4-8a57-0800271c1b75,TRUE,,
e9099b0b-4e14-11e4-8a57-0800271c1b75,TRUE,,
e90d34b1-4e14-11e4-8a57-0800271c1b75,TRUE,,
e90fa5fe-4e14-11e4-8a57-0800271c1b75,TRUE,,
e915e048-4e14-11e4-8a57-0800271c1b75,TRUE,,
e923d1fe-4e14-11e4-8a57-0800271c1b75,TRUE,,
e9265581-4e14-11e4-8a57-0800271c1b75,TRUE,,
e92970af-4e14-11e4-8a57-0800271c1b75,TRUE,,
e92c1e3a-4e14-11e4-8a57-0800271c1b75,TRUE,,
e92e0592-4e14-11e4-8a57-0800271c1b75,TRUE,,
e96376d4-4e14-11e4-8a57-0800271c1b75,TRUE,,
e9688e22-4e14-11e4-8a57-0800271c1b75,TRUE,,
e99ed8c3-4e14-11e4-8a57-0800271c1b75,TRUE,,
e9a26e59-4e14-11e4-8a57-0800271c1b75,TRUE,,
e9a51bb7-4e14-11e4-8a57-0800271c1b75,TRUE,,
e9a6eda5-4e14-11e4-8a57-0800271c1b75,TRUE,,
e9aa2d70-4e14-11e4-8a57-0800271c1b75,TRUE,,
e9ad8795-4e14-11e4-8a57-0800271c1b75,TRUE,,
e9afc64a-4e14-11e4-8a57-0800271c1b75,TRUE,,
e9b2fc60-4e14-11e4-8a57-0800271c1b75,TRUE,,
e9b6897e-4e14-11e4-8a57-0800271c1b75,TRUE,,
e9ebbe41-4e14-11e4-8a57-0800271c1b75,TRUE,,
e9efad45-4e14-11e4-8a57-0800271c1b75,TRUE,,
e9f15c17-4e14-11e4-8a57-0800271c1b75,TRUE,,
e9f4a066-4e14-11e4-8a57-0800271c1b75,TRUE,,
e9f84ad8-4e14-11e4-8a57-0800271c1b75,TRUE,,
e9fb3648-4e14-11e4-8a57-0800271c1b75,TRUE,,
e9fe3ff8-4e14-11e4-8a57-0800271c1b75,TRUE,,
ea0182a1-4e14-11e4-8a57-0800271c1b75,TRUE,,
ea05a1a6-4e14-11e4-8a57-0800271c1b75,TRUE,,
ea08c98f-4e14-11e4-8a57-0800271c1b75,TRUE,,
ea0bfdc6-4e14-11e4-8a57-0800271c1b75,TRUE,,
ea0fe837-4e14-11e4-8a57-0800271c1b75,TRUE,,
ea1376ca-4e14-11e4-8a57-0800271c1b75,TRUE,,
ea185ac5-4e14-11e4-8a57-0800271c1b75,TRUE,,
ea1b0b93-4e14-11e4-8a57-0800271c1b75,TRUE,,
ea1ef17e-4e14-11e4-8a57-0800271c1b75,TRUE,,
ea24115b-4e14-11e4-8a57-0800271c1b75,TRUE,,
ea277e54-4e14-11e4-8a57-0800271c1b75,TRUE,,
ea2b518e-4e14-11e4-8a57-0800271c1b75,TRUE,,
ea2ec61e-4e14-11e4-8a57-0800271c1b75,TRUE,,
ea32f731-4e14-11e4-8a57-0800271c1b75,TRUE,,
ea3601ff-4e14-11e4-8a57-0800271c1b75,TRUE,,
ea380283-4e14-11e4-8a57-0800271c1b75,TRUE,,
ea3b6389-4e14-11e4-8a57-0800271c1b75,TRUE,,
ea526593-4e14-11e4-8a57-0800271c1b75,TRUE,,
ea57f1c4-4e14-11e4-8a57-0800271c1b75,TRUE,,
ea5ab6b9-4e14-11e4-8a57-0800271c1b75,TRUE,,
ea5e359b-4e14-11e4-8a57-0800271c1b75,TRUE,,
ea619ccd-4e14-11e4-8a57-0800271c1b75,TRUE,,
ea687347-4e14-11e4-8a57-0800271c1b75,TRUE,,
ea6a58e5-4e14-11e4-8a57-0800271c1b75,TRUE,,
ea6e3239-4e14-11e4-8a57-0800271c1b75,TRUE,,
ea71773e-4e14-11e4-8a57-0800271c1b75,TRUE,,
ea7342d1-4e14-11e4-8a57-0800271c1b75,TRUE,,
ea78f1f3-4e14-11e4-8a57-0800271c1b75,TRUE,,
ea7b296e-4e14-11e4-8a57-0800271c1b75,TRUE,,
ea7edc4b-4e14-11e4-8a57-0800271c1b75,TRUE,,
ea80e26c-4e14-11e4-8a57-0800271c1b75,TRUE,,
ea849eea-4e14-11e4-8a57-0800271c1b75,TRUE,,
ea87beff-4e14-11e4-8a57-0800271c1b75,TRUE,,
ea89cfff-4e14-11e4-8a57-0800271c1b75,TRUE,,
ea8cef67-4e14-11e4-8a57-0800271c1b75,TRUE,,
ea8f11e8-4e14-11e4-8a57-0800271c1b75,TRUE,,
ea922f5b-4e14-11e4-8a57-0800271c1b75,TRUE,,
ea9566e3-4e14-11e4-8a57-0800271c1b75,TRUE,,
ea99434b-4e14-11e4-8a57-0800271c1b75,TRUE,,
ea9bdfb1-4e14-11e4-8a57-0800271c1b75,TRUE,,
ea9f494d-4e14-11e4-8a57-0800271c1b75,TRUE,,
eaa1137b-4e14-11e4-8a57-0800271c1b75,TRUE,,
eaa60ff2-4e14-11e4-8a57-0800271c1b75,TRUE,,
eae09446-4e14-11e4-8a57-0800271c1b75,TRUE,,
eb1fdf45-4e14-11e4-8a57-0800271c1b75,TRUE,,
eb24c13a-4e14-11e4-8a57-0800271c1b75,TRUE,,
eb27476c-4e14-11e4-8a57-0800271c1b75,TRUE,,
eb5c2f1f-4e14-11e4-8a57-0800271c1b75,TRUE,,
eb603c8f-4e14-11e4-8a57-0800271c1b75,TRUE,,
ebc7ddfd-4e14-11e4-8a57-0800271c1b75,TRUE,,
ec05b76d-4e14-11e4-8a57-0800271c1b75,TRUE,,
ec0aa91e-4e14-11e4-8a57-0800271c1b75,TRUE,,
ec110592-4e14-11e4-8a57-0800271c1b75,TRUE,,
ec429b4f-4e14-11e4-8a57-0800271c1b75,TRUE,,
ec460c39-4e14-11e4-8a57-0800271c1b75,TRUE,,
ec4a05a4-4e14-11e4-8a57-0800271c1b75,TRUE,,
ec4c41ce-4e14-11e4-8a57-0800271c1b75,TRUE,,
ec503172-4e14-11e4-8a57-0800271c1b75,TRUE,,
ec532105-4e14-11e4-8a57-0800271c1b75,TRUE,,
ec553a2a-4e14-11e4-8a57-0800271c1b75,TRUE,,
ec59961c-4e14-11e4-8a57-0800271c1b75,TRUE,,
ec5d84c3-4e14-11e4-8a57-0800271c1b75,TRUE,,
ec9269d4-4e14-11e4-8a57-0800271c1b75,TRUE,,
ec9592ed-4e14-11e4-8a57-0800271c1b75,TRUE,,
ec992d68-4e14-11e4-8a57-0800271c1b75,TRUE,,
ec9c2884-4e14-11e4-8a57-0800271c1b75,TRUE,,
eca0dae8-4e14-11e4-8a57-0800271c1b75,TRUE,,
ecb5a1bf-4e14-11e4-8a57-0800271c1b75,TRUE,,
ecb910f2-4e14-11e4-8a57-0800271c1b75,TRUE,,
ecbc7d14-4e14-11e4-8a57-0800271c1b75,TRUE,,
ecfeac2e-4e14-11e4-8a57-0800271c1b75,TRUE,,
ed03c7df-4e14-11e4-8a57-0800271c1b75,TRUE,,
ed070bd2-4e14-11e4-8a57-0800271c1b75,TRUE,,
ed75ad9f-4e14-11e4-8a57-0800271c1b75,TRUE,,
ed790a22-4e14-11e4-8a57-0800271c1b75,TRUE,,
ed7cbb2e-4e14-11e4-8a57-0800271c1b75,TRUE,,
ed7e6746-4e14-11e4-8a57-0800271c1b75,TRUE,,
ed81d880-4e14-11e4-8a57-0800271c1b75,TRUE,,
ed8949b2-4e14-11e4-8a57-0800271c1b75,TRUE,,
ed8cc304-4e14-11e4-8a57-0800271c1b75,TRUE,,
edc35eb9-4e14-11e4-8a57-0800271c1b75,TRUE,,
edc8363e-4e14-11e4-8a57-0800271c1b75,TRUE,,
edcc1e0e-4e14-11e4-8a57-0800271c1b75,TRUE,,
edd0f913-4e14-11e4-8a57-0800271c1b75,TRUE,,
edd4c585-4e14-11e4-8a57-0800271c1b75,TRUE,,
ede871f9-4e14-11e4-8a57-0800271c1b75,TRUE,,
edeb9e62-4e14-11e4-8a57-0800271c1b75,TRUE,,
edf0485d-4e14-11e4-8a57-0800271c1b75,TRUE,,
edf4a297-4e14-11e4-8a57-0800271c1b75,TRUE,,
edf87de8-4e14-11e4-8a57-0800271c1b75,TRUE,,
edfc968f-4e14-11e4-8a57-0800271c1b75,TRUE,,
edfefa44-4e14-11e4-8a57-0800271c1b75,TRUE,,
ee04203d-4e14-11e4-8a57-0800271c1b75,TRUE,,
ee403553-4e14-11e4-8a57-0800271c1b75,TRUE,,
ee7d866b-4e14-11e4-8a57-0800271c1b75,TRUE,,
eeb7d3f4-4e14-11e4-8a57-0800271c1b75,TRUE,,
eebde8db-4e14-11e4-8a57-0800271c1b75,TRUE,,
eef89305-4e14-11e4-8a57-0800271c1b75,TRUE,,
eefd1da2-4e14-11e4-8a57-0800271c1b75,TRUE,,
ef004bd5-4e14-11e4-8a57-0800271c1b75,TRUE,,
ef041c78-4e14-11e4-8a57-0800271c1b75,TRUE,,
ef07112b-4e14-11e4-8a57-0800271c1b75,TRUE,,
ef0981f0-4e14-11e4-8a57-0800271c1b75,TRUE,,
ef1876c6-4e14-11e4-8a57-0800271c1b75,TRUE,,
ef532c22-4e14-11e4-8a57-0800271c1b75,TRUE,,
ef57bc0c-4e14-11e4-8a57-0800271c1b75,TRUE,,
ef5ae86d-4e14-11e4-8a57-0800271c1b75,TRUE,,
ef5d12b2-4e14-11e4-8a57-0800271c1b75,TRUE,,
ef61906d-4e14-11e4-8a57-0800271c1b75,TRUE,,
ef65d2a0-4e14-11e4-8a57-0800271c1b75,TRUE,,
ef9f11e3-4e14-11e4-8a57-0800271c1b75,TRUE,,
efa2daf3-4e14-11e4-8a57-0800271c1b75,TRUE,,
efa65826-4e14-11e4-8a57-0800271c1b75,TRUE,,
efa8a53c-4e14-11e4-8a57-0800271c1b75,TRUE,,
efac5f09-4e14-11e4-8a57-0800271c1b75,TRUE,,
efb17e08-4e14-11e4-8a57-0800271c1b75,TRUE,,
efb709f0-4e14-11e4-8a57-0800271c1b75,TRUE,,
efb8fbfe-4e14-11e4-8a57-0800271c1b75,TRUE,,
efbc8206-4e14-11e4-8a57-0800271c1b75,TRUE,,
efbf9d90-4e14-11e4-8a57-0800271c1b75,TRUE,,
efc3a75c-4e14-11e4-8a57-0800271c1b75,TRUE,,
efc6d143-4e14-11e4-8a57-0800271c1b75,TRUE,,
efca07ce-4e14-11e4-8a57-0800271c1b75,TRUE,,
efcbd325-4e14-11e4-8a57-0800271c1b75,TRUE,,
efcef7b1-4e14-11e4-8a57-0800271c1b75,TRUE,,
efd2679c-4e14-11e4-8a57-0800271c1b75,TRUE,,
efd422cd-4e14-11e4-8a57-0800271c1b75,TRUE,,
efdab612-4e14-11e4-8a57-0800271c1b75,TRUE,,
efdcfec8-4e14-11e4-8a57-0800271c1b75,TRUE,,
efe03f8b-4e14-11e4-8a57-0800271c1b75,TRUE,,
efe3d601-4e14-11e4-8a57-0800271c1b75,TRUE,,
efea7f2d-4e14-11e4-8a57-0800271c1b75,TRUE,,
efee2483-4e14-11e4-8a57-0800271c1b75,TRUE,,
eff028ad-4e14-11e4-8a57-0800271c1b75,TRUE,,
eff42213-4e14-11e4-8a57-0800271c1b75,TRUE,,
eff8777b-4e14-11e4-8a57-0800271c1b75,TRUE,,
effc05ba-4e14-11e4-8a57-0800271c1b75,TRUE,,
efff2a60-4e14-11e4-8a57-0800271c1b75,TRUE,,
f0015430-4e14-11e4-8a57-0800271c1b75,TRUE,,
f0040ec7-4e14-11e4-8a57-0800271c1b75,TRUE,,
f007aa45-4e14-11e4-8a57-0800271c1b75,TRUE,,
f00b313f-4e14-11e4-8a57-0800271c1b75,TRUE,,
f00d97ff-4e14-11e4-8a57-0800271c1b75,TRUE,,
f00f73de-4e14-11e4-8a57-0800271c1b75,TRUE,,
f01840c1-4e14-11e4-8a57-0800271c1b75,TRUE,,
f01b758e-4e14-11e4-8a57-0800271c1b75,TRUE,,
f01d3dde-4e14-11e4-8a57-0800271c1b75,TRUE,,
f01fd127-4e14-11e4-8a57-0800271c1b75,TRUE,,
f048e9b5-4e14-11e4-8a57-0800271c1b75,TRUE,,
f04b3016-4e14-11e4-8a57-0800271c1b75,TRUE,,
f0874c4f-4e14-11e4-8a57-0800271c1b75,TRUE,,
f089550b-4e14-11e4-8a57-0800271c1b75,TRUE,,
f08d86d6-4e14-11e4-8a57-0800271c1b75,TRUE,,
f08f9cdf-4e14-11e4-8a57-0800271c1b75,TRUE,,
f092493a-4e14-11e4-8a57-0800271c1b75,TRUE,,
f094c120-4e14-11e4-8a57-0800271c1b75,TRUE,,
f0d261d5-4e14-11e4-8a57-0800271c1b75,TRUE,,
f0d5275d-4e14-11e4-8a57-0800271c1b75,TRUE,,
f0ded4f0-4e14-11e4-8a57-0800271c1b75,TRUE,,
f0e09971-4e14-11e4-8a57-0800271c1b75,TRUE,,
f11ef771-4e14-11e4-8a57-0800271c1b75,TRUE,,
f1211b8d-4e14-11e4-8a57-0800271c1b75,TRUE,,
f125b6cc-4e14-11e4-8a57-0800271c1b75,TRUE,,
f129df86-4e14-11e4-8a57-0800271c1b75,TRUE,,
f12b766e-4e14-11e4-8a57-0800271c1b75,TRUE,,
f16b13fd-4e14-11e4-8a57-0800271c1b75,TRUE,,
f16f3a58-4e14-11e4-8a57-0800271c1b75,TRUE,,
f171e8dc-4e14-11e4-8a57-0800271c1b75,TRUE,,
f1753c8f-4e14-11e4-8a57-0800271c1b75,TRUE,,
f17c254b-4e14-11e4-8a57-0800271c1b75,TRUE,,
f1b8dec0-4e14-11e4-8a57-0800271c1b75,TRUE,,
f1bbf80c-4e14-11e4-8a57-0800271c1b75,TRUE,,
f1bf4a0a-4e14-11e4-8a57-0800271c1b75,TRUE,,
f1c14d1d-4e14-11e4-8a57-0800271c1b75,TRUE,,
f1c5e152-4e14-11e4-8a57-0800271c1b75,TRUE,,
f1c7dbfc-4e14-11e4-8a57-0800271c1b75,TRUE,,
f1cae999-4e14-11e4-8a57-0800271c1b75,TRUE,,
f207f5fd-4e14-11e4-8a57-0800271c1b75,TRUE,,
f2432cce-4e14-11e4-8a57-0800271c1b75,TRUE,,
f2462974-4e14-11e4-8a57-0800271c1b75,TRUE,,
f2498695-4e14-11e4-8a57-0800271c1b75,TRUE,,
f28505d5-4e14-11e4-8a57-0800271c1b75,TRUE,,
f2ad41e6-4e14-11e4-8a57-0800271c1b75,TRUE,,
f2b0476f-4e14-11e4-8a57-0800271c1b75,TRUE,,
f2b3ac37-4e14-11e4-8a57-0800271c1b75,TRUE,,
f2ee187d-4e14-11e4-8a57-0800271c1b75,TRUE,,
f2f1f936-4e14-11e4-8a57-0800271c1b75,TRUE,,
f2f76588-4e14-11e4-8a57-0800271c1b75,TRUE,,
f2fa859e-4e14-11e4-8a57-0800271c1b75,TRUE,,
f2fc25c7-4e14-11e4-8a57-0800271c1b75,TRUE,,
f300c70b-4e14-11e4-8a57-0800271c1b75,TRUE,,
f3025723-4e14-11e4-8a57-0800271c1b75,TRUE,,
f3055d07-4e14-11e4-8a57-0800271c1b75,TRUE,,
f309e3f6-4e14-11e4-8a57-0800271c1b75,TRUE,,
f30d5cb7-4e14-11e4-8a57-0800271c1b75,TRUE,,
f310a3a3-4e14-11e4-8a57-0800271c1b75,TRUE,,
f3123fe6-4e14-11e4-8a57-0800271c1b75,TRUE,,
f315f064-4e14-11e4-8a57-0800271c1b75,TRUE,,
f31783e1-4e14-11e4-8a57-0800271c1b75,TRUE,,
f31bf9bb-4e14-11e4-8a57-0800271c1b75,TRUE,,
f31f4721-4e14-11e4-8a57-0800271c1b75,TRUE,,
f32227b9-4e14-11e4-8a57-0800271c1b75,TRUE,,
f35731b9-4e14-11e4-8a57-0800271c1b75,TRUE,,
f35aa24a-4e14-11e4-8a57-0800271c1b75,TRUE,,
f3949526-4e14-11e4-8a57-0800271c1b75,TRUE,,
f3987cff-4e14-11e4-8a57-0800271c1b75,TRUE,,
f39c4539-4e14-11e4-8a57-0800271c1b75,TRUE,,
f39fbd0f-4e14-11e4-8a57-0800271c1b75,TRUE,,
f3a240e2-4e14-11e4-8a57-0800271c1b75,TRUE,,
c4c090ea-0a05-4bba-8d35-9fb2be3c3abe,TRUE,,
128ee904-ceb5-4795-82ee-9ed2d550d174,TRUE,,
4a3ad231-b335-4731-9b04-7bf77143ef05,TRUE,,
eeca97c4-c3e2-4430-85a5-a6ee9f577292,TRUE,,
b43dead3-f14c-4022-9ba2-32e842788157,TRUE,,
dbd1cd6c-4e14-11e4-8a57-0800271c1b75,TRUE,,
ed85e597-4e14-11e4-8a57-0800271c1b75,TRUE,,
ec9e159a-4e14-11e4-8a57-0800271c1b75,TRUE,,
ec8f90e6-4e14-11e4-8a57-0800271c1b75,TRUE,,
eb21fd4e-4e14-11e4-8a57-0800271c1b75,TRUE,,
ea769781-4e14-11e4-8a57-0800271c1b75,TRUE,,
ea160612-4e14-11e4-8a57-0800271c1b75,TRUE,,
e87be8d2-4e14-11e4-8a57-0800271c1b75,TRUE,,
e71b87b4-4e14-11e4-8a57-0800271c1b75,TRUE,,
e5d5313b-4e14-11e4-8a57-0800271c1b75,TRUE,,
e394a70e-4e14-11e4-8a57-0800271c1b75,TRUE,,
e1faab75-4e14-11e4-8a57-0800271c1b75,TRUE,,
e0cf54d9-4e14-11e4-8a57-0800271c1b75,TRUE,,
def62640-4e14-11e4-8a57-0800271c1b75,TRUE,,
ddc70945-4e14-11e4-8a57-0800271c1b75,TRUE,,
dcd2ed3e-4e14-11e4-8a57-0800271c1b75,TRUE,,
efb5e2c7-4e14-11e4-8a57-0800271c1b75,TRUE,,