<?xml version="1.0" encoding="UTF-8"?>
<package id="1" uuid="50b0f81a-52f1-48cf-b352-adc6b28e0137">
  <dateCreated id="2">2017-05-09 19:37:21</dateCreated>
  <name>PersonAttributeType</name>
  <description>Person Attribute Types required to start the OpenMRS distribution for Cambodia</description>
  <openmrsVersion>2.1.0  Build 7eadd7</openmrsVersion>
  <version>1</version>
  <groupUuid>77a19b51-c165-4142-9f63-f7bc26d9dd84</groupUuid>
  <modules id="3">
    <entry>
      <string>calculation</string>
      <string>1.3-SNAPSHOT</string>
    </entry>
    <entry>
      <string>legacyui</string>
      <string>1.2.4-SNAPSHOT</string>
    </entry>
    <entry>
      <string>metadatasharing</string>
      <string>1.2.2</string>
    </entry>
    <entry>
      <string>bedmanagement</string>
      <string>5.6-SNAPSHOT</string>
    </entry>
    <entry>
      <string>providermanagement</string>
      <string>2.5.0</string>
    </entry>
    <entry>
      <string>bacteriology</string>
      <string>1.1-SNAPSHOT</string>
    </entry>
    <entry>
      <string>htmlwidgets</string>
      <string>1.7.3-SNAPSHOT</string>
    </entry>
    <entry>
      <string>reference-data</string>
      <string>0.89-SNAPSHOT</string>
    </entry>
    <entry>
      <string>addresshierarchy</string>
      <string>2.11.0-SNAPSHOT</string>
    </entry>
    <entry>
      <string>uiframework</string>
      <string>3.8</string>
    </entry>
    <entry>
      <string>rulesengine</string>
      <string>0.89-SNAPSHOT</string>
    </entry>
    <entry>
      <string>idgen-webservices</string>
      <string>1.2-SNAPSHOT</string>
    </entry>
    <entry>
      <string>event</string>
      <string>2.5</string>
    </entry>
    <entry>
      <string>uicommons</string>
      <string>1.10-SNAPSHOT</string>
    </entry>
    <entry>
      <string>reporting</string>
      <string>0.10.4</string>
    </entry>
    <entry>
      <string>emrapi</string>
      <string>1.21.1-SNAPSHOT</string>
    </entry>
    <entry>
      <string>episodes</string>
      <string>1.0-SNAPSHOT</string>
    </entry>
    <entry>
      <string>idgen</string>
      <string>4.4-SNAPSHOT</string>
    </entry>
    <entry>
      <string>bahmnicore</string>
      <string>0.89-SNAPSHOT</string>
    </entry>
    <entry>
      <string>uilibrary</string>
      <string>2.0.5-SNAPSHOT</string>
    </entry>
    <entry>
      <string>initializer</string>
      <string>1.0-SNAPSHOT</string>
    </entry>
    <entry>
      <string>appframework</string>
      <string>2.10-SNAPSHOT</string>
    </entry>
    <entry>
      <string>webservices.rest</string>
      <string>2.17.1cd94b</string>
    </entry>
    <entry>
      <string>openmrs-atomfeed</string>
      <string>2.5.5-SNAPSHOT</string>
    </entry>
    <entry>
      <string>metadatamapping</string>
      <string>1.3.1</string>
    </entry>
    <entry>
      <string>bahmni.ie.apps</string>
      <string>0.89-SNAPSHOT</string>
    </entry>
    <entry>
      <string>serialization.xstream</string>
      <string>0.2.12</string>
    </entry>
  </modules>
  <items class="linked-hash-set" id="4">
    <org.openmrs.module.metadatasharing.Item id="5" uuid="1102f74e-ea2f-461e-b67f-db58bd136e5c">
      <id>32</id>
      <classname>org.openmrs.PersonAttributeType</classname>
      <dateChanged id="6">2017-05-09 19:47:48</dateChanged>
      <retired>false</retired>
    </org.openmrs.module.metadatasharing.Item>
    <org.openmrs.module.metadatasharing.Item id="7" uuid="23bc8d94-344b-4143-b3f5-999e7cc89786">
      <id>29</id>
      <classname>org.openmrs.PersonAttributeType</classname>
      <dateChanged id="8">2017-05-09 19:45:44</dateChanged>
      <retired>false</retired>
    </org.openmrs.module.metadatasharing.Item>
    <org.openmrs.module.metadatasharing.Item id="9" uuid="35e98d04-3981-4257-a593-fadd81bfc109">
      <id>23</id>
      <classname>org.openmrs.PersonAttributeType</classname>
      <dateChanged id="10">2017-05-09 19:48:54</dateChanged>
      <retired>true</retired>
    </org.openmrs.module.metadatasharing.Item>
    <org.openmrs.module.metadatasharing.Item id="11" uuid="3dfdc176-17fd-42b1-b5be-c7e25b78b602">
      <id>19</id>
      <classname>org.openmrs.PersonAttributeType</classname>
      <dateChanged id="12">2017-05-09 19:48:44</dateChanged>
      <retired>true</retired>
    </org.openmrs.module.metadatasharing.Item>
    <org.openmrs.module.metadatasharing.Item id="13" uuid="632d27a5-58c6-49f3-acb1-2a7b5855eaca">
      <id>28</id>
      <classname>org.openmrs.PersonAttributeType</classname>
      <dateChanged id="14">2017-05-09 19:45:06</dateChanged>
      <retired>false</retired>
    </org.openmrs.module.metadatasharing.Item>
    <org.openmrs.module.metadatasharing.Item id="15" uuid="6f32179b-c6b9-465e-a278-c15da2637630">
      <id>24</id>
      <classname>org.openmrs.PersonAttributeType</classname>
      <dateChanged id="16">2017-05-09 19:48:57</dateChanged>
      <retired>true</retired>
    </org.openmrs.module.metadatasharing.Item>
    <org.openmrs.module.metadatasharing.Item id="17" uuid="82325788-3f10-11e4-adec-0800271c1b75">
      <id>8</id>
      <classname>org.openmrs.PersonAttributeType</classname>
      <dateChanged id="18">2017-05-09 19:46:00</dateChanged>
      <retired>false</retired>
    </org.openmrs.module.metadatasharing.Item>
    <org.openmrs.module.metadatasharing.Item id="19" uuid="8233a58a-3f10-11e4-adec-0800271c1b75">
      <id>9</id>
      <classname>org.openmrs.PersonAttributeType</classname>
      <dateChanged id="20">2017-05-09 19:46:09</dateChanged>
      <retired>false</retired>
    </org.openmrs.module.metadatasharing.Item>
    <org.openmrs.module.metadatasharing.Item id="21" uuid="8234e7b0-3f10-11e4-adec-0800271c1b75">
      <id>10</id>
      <classname>org.openmrs.PersonAttributeType</classname>
      <dateChanged id="22">2017-05-09 19:46:19</dateChanged>
      <retired>false</retired>
    </org.openmrs.module.metadatasharing.Item>
    <org.openmrs.module.metadatasharing.Item id="23" uuid="9234695b-0f68-4970-aeb7-3b32d4a2b346">
      <id>22</id>
      <classname>org.openmrs.PersonAttributeType</classname>
      <dateChanged id="24">2017-05-09 19:48:52</dateChanged>
      <retired>true</retired>
    </org.openmrs.module.metadatasharing.Item>
    <org.openmrs.module.metadatasharing.Item id="25" uuid="a10fe690-1c44-4ba8-a244-8fe51f9e61f7">
      <id>25</id>
      <classname>org.openmrs.PersonAttributeType</classname>
      <dateChanged id="26">2017-05-09 19:49:01</dateChanged>
      <retired>true</retired>
    </org.openmrs.module.metadatasharing.Item>
    <org.openmrs.module.metadatasharing.Item id="27" uuid="c1f4239f-3f10-11e4-adec-0800271c1b75">
      <id>11</id>
      <classname>org.openmrs.PersonAttributeType</classname>
      <dateChanged id="28">2017-05-09 19:48:21</dateChanged>
      <retired>true</retired>
    </org.openmrs.module.metadatasharing.Item>
    <org.openmrs.module.metadatasharing.Item id="29" uuid="c1f455e7-3f10-11e4-adec-0800271c1b75">
      <id>12</id>
      <classname>org.openmrs.PersonAttributeType</classname>
      <dateChanged id="30">2017-05-09 19:48:24</dateChanged>
      <retired>true</retired>
    </org.openmrs.module.metadatasharing.Item>
    <org.openmrs.module.metadatasharing.Item id="31" uuid="c1f4a004-3f10-11e4-adec-0800271c1b75">
      <id>13</id>
      <classname>org.openmrs.PersonAttributeType</classname>
      <dateChanged id="32">2017-05-09 19:48:27</dateChanged>
      <retired>true</retired>
    </org.openmrs.module.metadatasharing.Item>
    <org.openmrs.module.metadatasharing.Item id="33" uuid="c1f7d1f1-3f10-11e4-adec-0800271c1b75">
      <id>14</id>
      <classname>org.openmrs.PersonAttributeType</classname>
      <dateChanged id="34">2017-05-09 19:48:30</dateChanged>
      <retired>true</retired>
    </org.openmrs.module.metadatasharing.Item>
    <org.openmrs.module.metadatasharing.Item id="35" uuid="c1f7fd17-3f10-11e4-adec-0800271c1b75">
      <id>15</id>
      <classname>org.openmrs.PersonAttributeType</classname>
      <dateChanged id="36">2017-05-09 19:48:33</dateChanged>
      <retired>true</retired>
    </org.openmrs.module.metadatasharing.Item>
    <org.openmrs.module.metadatasharing.Item id="37" uuid="c1f825c9-3f10-11e4-adec-0800271c1b75">
      <id>16</id>
      <classname>org.openmrs.PersonAttributeType</classname>
      <dateChanged id="38">2017-05-09 19:48:36</dateChanged>
      <retired>true</retired>
    </org.openmrs.module.metadatasharing.Item>
    <org.openmrs.module.metadatasharing.Item id="39" uuid="c1f84df3-3f10-11e4-adec-0800271c1b75">
      <id>17</id>
      <classname>org.openmrs.PersonAttributeType</classname>
      <dateChanged id="40">2017-05-09 19:48:39</dateChanged>
      <retired>true</retired>
    </org.openmrs.module.metadatasharing.Item>
    <org.openmrs.module.metadatasharing.Item id="41" uuid="c1f8880d-3f10-11e4-adec-0800271c1b75">
      <id>18</id>
      <classname>org.openmrs.PersonAttributeType</classname>
      <dateChanged id="42">2017-05-09 19:48:41</dateChanged>
      <retired>true</retired>
    </org.openmrs.module.metadatasharing.Item>
    <org.openmrs.module.metadatasharing.Item id="43" uuid="c3bcd296-eb82-4451-a4b4-eedd1d5f322f">
      <id>30</id>
      <classname>org.openmrs.PersonAttributeType</classname>
      <dateChanged id="44">2017-05-09 19:46:44</dateChanged>
      <retired>false</retired>
    </org.openmrs.module.metadatasharing.Item>
    <org.openmrs.module.metadatasharing.Item id="45" uuid="d1314f0f-c2d9-4223-88d9-ec4d2827c9da">
      <id>21</id>
      <classname>org.openmrs.PersonAttributeType</classname>
      <dateChanged id="46">2017-05-09 19:48:49</dateChanged>
      <retired>true</retired>
    </org.openmrs.module.metadatasharing.Item>
    <org.openmrs.module.metadatasharing.Item id="47" uuid="f155a740-c252-4e45-bea6-51fd9706dcf7">
      <id>31</id>
      <classname>org.openmrs.PersonAttributeType</classname>
      <dateChanged id="48">2017-05-09 19:46:58</dateChanged>
      <retired>false</retired>
    </org.openmrs.module.metadatasharing.Item>
    <org.openmrs.module.metadatasharing.Item id="49" uuid="fb3c00b1-81c8-40fe-89e8-6b3344688a13">
      <id>20</id>
      <classname>org.openmrs.PersonAttributeType</classname>
      <dateChanged id="50">2017-05-09 19:48:47</dateChanged>
      <retired>true</retired>
    </org.openmrs.module.metadatasharing.Item>
  </items>
  <relatedItems class="linked-hash-set" id="51"/>
</package>
