<?xml version="1.0" encoding="UTF-8"?>
<list id="1">
  <org.openmrs.PersonAttributeType id="2" uuid="0ce3bdfc-10a3-4be0-8661-27cc200c817c">
    <name>nationality</name>
    <description>PERSONATTRIBUTE_NATIONALITY</description>
    <creator/>
    <dateCreated id="3">2017-04-18 01:40:03</dateCreated>
    <dateChanged id="4">2017-04-20 19:04:11</dateChanged>
    <retired>false</retired>
    <personAttributeTypeId>26</personAttributeTypeId>
    <format>org.openmrs.Concept</format>
    <foreignKey>3229</foreignKey>
    <sortWeight>23.0</sortWeight>
    <searchable>true</searchable>
  </org.openmrs.PersonAttributeType>
  <org.openmrs.PersonAttributeType id="5" uuid="18dbfce3-6515-4511-9cc1-c262948e841e">
    <name>email</name>
    <description>PERSONATTRIBUTE_EMAIL</description>
    <creator/>
    <dateCreated id="6">2017-04-18 01:27:19</dateCreated>
    <dateChanged id="7">2017-04-20 18:39:45</dateChanged>
    <retired>false</retired>
    <personAttributeTypeId>27</personAttributeTypeId>
    <format>java.lang.String</format>
    <sortWeight>21.0</sortWeight>
    <searchable>true</searchable>
  </org.openmrs.PersonAttributeType>
  <org.openmrs.PersonAttributeType id="8" uuid="35e98d04-3981-4257-a593-fadd81bfc109">
    <name>cluster</name>
    <description>cluster</description>
    <creator/>
    <dateCreated id="9">2015-02-25 09:00:14</dateCreated>
    <changedBy/>
    <dateChanged id="10">2017-04-27 12:24:08</dateChanged>
    <retired>true</retired>
    <dateRetired id="11">2017-04-20 19:47:44</dateRetired>
    <retiredBy/>
    <retireReason>Not used in OpenMRS distribution for Cambodia</retireReason>
    <personAttributeTypeId>23</personAttributeTypeId>
    <format>org.openmrs.Concept</format>
    <foreignKey>1173</foreignKey>
    <sortWeight>16.0</sortWeight>
    <searchable>true</searchable>
  </org.openmrs.PersonAttributeType>
  <org.openmrs.PersonAttributeType id="12" uuid="3dfdc176-17fd-42b1-b5be-c7e25b78b602">
    <name>landHolding</name>
    <description>Land Holding (in acres)</description>
    <creator/>
    <dateCreated id="13">2015-02-25 14:27:11</dateCreated>
    <changedBy/>
    <dateChanged id="14">2017-04-27 12:24:08</dateChanged>
    <retired>true</retired>
    <dateRetired id="15">2017-04-18 01:25:13</dateRetired>
    <retiredBy/>
    <retireReason>Not used in OpenMRS distribution for Cambodia</retireReason>
    <personAttributeTypeId>19</personAttributeTypeId>
    <format>java.lang.Integer</format>
    <sortWeight>12.0</sortWeight>
    <searchable>true</searchable>
  </org.openmrs.PersonAttributeType>
  <org.openmrs.PersonAttributeType id="16" uuid="6f32179b-c6b9-465e-a278-c15da2637630">
    <name>RationCard</name>
    <description>Ration Card Type</description>
    <creator/>
    <dateCreated id="17">2015-02-25 09:00:50</dateCreated>
    <changedBy/>
    <dateChanged id="18">2017-04-27 12:24:08</dateChanged>
    <retired>true</retired>
    <dateRetired id="19">2017-04-20 19:47:48</dateRetired>
    <retiredBy/>
    <retireReason>Not used in OpenMRS distribution for Cambodia</retireReason>
    <personAttributeTypeId>24</personAttributeTypeId>
    <format>org.openmrs.Concept</format>
    <foreignKey>1174</foreignKey>
    <sortWeight>17.0</sortWeight>
    <searchable>true</searchable>
  </org.openmrs.PersonAttributeType>
  <org.openmrs.PersonAttributeType id="20" uuid="82325788-3f10-11e4-adec-0800271c1b75">
    <name>givenNameLocal</name>
    <description>PERSONATTRIBUTE_GIVEN_NAME_KHMER</description>
    <creator/>
    <dateCreated id="21">2014-09-18 08:48:06</dateCreated>
    <changedBy/>
    <dateChanged id="22">2017-04-27 12:24:08</dateChanged>
    <retired>false</retired>
    <personAttributeTypeId>8</personAttributeTypeId>
    <format>java.lang.String</format>
    <sortWeight>3.0</sortWeight>
    <searchable>false</searchable>
  </org.openmrs.PersonAttributeType>
  <org.openmrs.PersonAttributeType id="23" uuid="8233a58a-3f10-11e4-adec-0800271c1b75">
    <name>familyNameLocal</name>
    <description>PERSONATTRIBUTE_FAMILY_NAME_KHMER</description>
    <creator/>
    <dateCreated id="24">2014-09-18 08:48:06</dateCreated>
    <changedBy/>
    <dateChanged id="25">2017-04-27 12:24:08</dateChanged>
    <retired>false</retired>
    <personAttributeTypeId>9</personAttributeTypeId>
    <format>java.lang.String</format>
    <sortWeight>3.0</sortWeight>
    <searchable>false</searchable>
  </org.openmrs.PersonAttributeType>
  <org.openmrs.PersonAttributeType id="26" uuid="8234e7b0-3f10-11e4-adec-0800271c1b75">
    <name>middleNameLocal</name>
    <description>PERSONATTRIBUTE_MIDDLE_NAME_KHMER</description>
    <creator/>
    <dateCreated id="27">2014-09-18 08:48:06</dateCreated>
    <changedBy/>
    <dateChanged id="28">2017-04-27 12:24:08</dateChanged>
    <retired>false</retired>
    <personAttributeTypeId>10</personAttributeTypeId>
    <format>java.lang.String</format>
    <sortWeight>3.0</sortWeight>
    <searchable>false</searchable>
  </org.openmrs.PersonAttributeType>
  <org.openmrs.PersonAttributeType id="29" uuid="9234695b-0f68-4970-aeb7-3b32d4a2b346">
    <name>isUrban</name>
    <description>Urban</description>
    <creator/>
    <dateCreated id="30">2015-02-25 08:59:13</dateCreated>
    <changedBy/>
    <dateChanged id="31">2017-04-27 12:24:08</dateChanged>
    <retired>true</retired>
    <dateRetired id="32">2017-04-20 19:47:41</dateRetired>
    <retiredBy/>
    <retireReason>Not used in OpenMRS distribution for Cambodia</retireReason>
    <personAttributeTypeId>22</personAttributeTypeId>
    <format>java.lang.Boolean</format>
    <sortWeight>15.0</sortWeight>
    <searchable>true</searchable>
  </org.openmrs.PersonAttributeType>
  <org.openmrs.PersonAttributeType id="33" uuid="a0c8485d-e381-4e42-8c53-908c7ad6e544">
    <name>phoneNumber</name>
    <description>PERSONATTRIBUTE_PHONE_NUMBER</description>
    <creator/>
    <dateCreated id="34">2017-04-18 01:25:58</dateCreated>
    <dateChanged id="35">2017-04-20 19:03:09</dateChanged>
    <retired>false</retired>
    <personAttributeTypeId>28</personAttributeTypeId>
    <format>java.lang.String</format>
    <sortWeight>19.0</sortWeight>
    <searchable>true</searchable>
  </org.openmrs.PersonAttributeType>
  <org.openmrs.PersonAttributeType id="36" uuid="a10fe690-1c44-4ba8-a244-8fe51f9e61f7">
    <name>familyIncome</name>
    <description>Family Income (per month in Rs)</description>
    <creator/>
    <dateCreated id="37">2015-02-25 09:01:57</dateCreated>
    <changedBy/>
    <dateChanged id="38">2017-04-27 12:24:08</dateChanged>
    <retired>true</retired>
    <dateRetired id="39">2017-04-20 19:47:52</dateRetired>
    <retiredBy/>
    <retireReason>Not used in OpenMRS distribution for Cambodia</retireReason>
    <personAttributeTypeId>25</personAttributeTypeId>
    <format>org.openmrs.Concept</format>
    <foreignKey>1175</foreignKey>
    <sortWeight>18.0</sortWeight>
    <searchable>true</searchable>
  </org.openmrs.PersonAttributeType>
  <org.openmrs.PersonAttributeType id="40" uuid="c1f4239f-3f10-11e4-adec-0800271c1b75">
    <name>caste</name>
    <description>Caste</description>
    <creator/>
    <dateCreated id="41">2014-09-18 00:00:00</dateCreated>
    <changedBy/>
    <dateChanged id="42">2017-04-27 12:24:08</dateChanged>
    <retired>true</retired>
    <dateRetired id="43">2017-04-18 01:22:59</dateRetired>
    <retiredBy/>
    <retireReason>Not used in OpenMRS distribution for Cambodia</retireReason>
    <personAttributeTypeId>11</personAttributeTypeId>
    <format>java.lang.String</format>
    <sortWeight>4.0</sortWeight>
    <searchable>true</searchable>
  </org.openmrs.PersonAttributeType>
  <org.openmrs.PersonAttributeType id="44" uuid="c1f455e7-3f10-11e4-adec-0800271c1b75">
    <name>class</name>
    <description>Class</description>
    <creator/>
    <dateCreated id="45">2014-09-18 00:00:00</dateCreated>
    <changedBy/>
    <dateChanged id="46">2017-04-27 12:24:08</dateChanged>
    <retired>true</retired>
    <dateRetired id="47">2017-04-18 01:23:10</dateRetired>
    <retiredBy/>
    <retireReason>Not used in OpenMRS distribution for Cambodia</retireReason>
    <personAttributeTypeId>12</personAttributeTypeId>
    <format>org.openmrs.Concept</format>
    <foreignKey>96</foreignKey>
    <sortWeight>5.0</sortWeight>
    <searchable>true</searchable>
  </org.openmrs.PersonAttributeType>
  <org.openmrs.PersonAttributeType id="48" uuid="c1f4a004-3f10-11e4-adec-0800271c1b75">
    <name>education</name>
    <description>Education Details</description>
    <creator/>
    <dateCreated id="49">2014-09-18 00:00:00</dateCreated>
    <changedBy/>
    <dateChanged id="50">2017-04-27 12:24:08</dateChanged>
    <retired>true</retired>
    <dateRetired id="51">2017-04-18 01:23:17</dateRetired>
    <retiredBy/>
    <retireReason>Not used in OpenMRS distribution for Cambodia</retireReason>
    <personAttributeTypeId>13</personAttributeTypeId>
    <format>org.openmrs.Concept</format>
    <foreignKey>102</foreignKey>
    <sortWeight>6.0</sortWeight>
    <searchable>true</searchable>
  </org.openmrs.PersonAttributeType>
  <org.openmrs.PersonAttributeType id="52" uuid="c1f7d1f1-3f10-11e4-adec-0800271c1b75">
    <name>occupation</name>
    <description>Occupation</description>
    <creator/>
    <dateCreated id="53">2014-09-18 00:00:00</dateCreated>
    <changedBy/>
    <dateChanged id="54">2017-04-27 12:24:08</dateChanged>
    <retired>true</retired>
    <dateRetired id="55">2017-04-18 01:23:24</dateRetired>
    <retiredBy/>
    <retireReason>Not used in OpenMRS distribution for Cambodia</retireReason>
    <personAttributeTypeId>14</personAttributeTypeId>
    <format>org.openmrs.Concept</format>
    <foreignKey>109</foreignKey>
    <sortWeight>7.0</sortWeight>
    <searchable>true</searchable>
  </org.openmrs.PersonAttributeType>
  <org.openmrs.PersonAttributeType id="56" uuid="c1f7fd17-3f10-11e4-adec-0800271c1b75">
    <name>primaryContact</name>
    <description>Primary Contact</description>
    <creator/>
    <dateCreated id="57">2014-09-17 18:30:00</dateCreated>
    <changedBy/>
    <dateChanged id="58">2017-04-27 13:06:30</dateChanged>
    <retired>true</retired>
    <dateRetired id="59">2017-04-27 13:06:30</dateRetired>
    <retiredBy/>
    <retireReason>Not used in OpenMRS distribution for Cambodia</retireReason>
    <personAttributeTypeId>15</personAttributeTypeId>
    <format>java.lang.String</format>
    <sortWeight>8.0</sortWeight>
    <searchable>true</searchable>
  </org.openmrs.PersonAttributeType>
  <org.openmrs.PersonAttributeType id="60" uuid="c1f825c9-3f10-11e4-adec-0800271c1b75">
    <name>secondaryContact</name>
    <description>Secondary Contact</description>
    <creator/>
    <dateCreated id="61">2014-09-18 00:00:00</dateCreated>
    <changedBy/>
    <dateChanged id="62">2017-04-27 12:24:08</dateChanged>
    <retired>true</retired>
    <dateRetired id="63">2017-04-18 01:24:07</dateRetired>
    <retiredBy/>
    <retireReason>Not used in OpenMRS distribution for Cambodia</retireReason>
    <personAttributeTypeId>16</personAttributeTypeId>
    <format>java.lang.String</format>
    <sortWeight>9.0</sortWeight>
    <searchable>true</searchable>
  </org.openmrs.PersonAttributeType>
  <org.openmrs.PersonAttributeType id="64" uuid="c1f84df3-3f10-11e4-adec-0800271c1b75">
    <name>primaryRelative</name>
    <description>Father&apos;s/Husband&apos;s Name</description>
    <creator/>
    <dateCreated id="65">2014-09-18 00:00:00</dateCreated>
    <changedBy/>
    <dateChanged id="66">2017-04-27 12:24:08</dateChanged>
    <retired>true</retired>
    <dateRetired id="67">2017-04-18 01:25:01</dateRetired>
    <retiredBy/>
    <retireReason>Not used in OpenMRS distribution for Cambodia</retireReason>
    <personAttributeTypeId>17</personAttributeTypeId>
    <format>java.lang.String</format>
    <sortWeight>10.0</sortWeight>
    <searchable>true</searchable>
  </org.openmrs.PersonAttributeType>
  <org.openmrs.PersonAttributeType id="68" uuid="c1f8880d-3f10-11e4-adec-0800271c1b75">
    <name>secondaryIdentifier</name>
    <description>PERSONATTRIBUTE_SECONDARY_IDENTIFIER</description>
    <creator/>
    <dateCreated id="69">2014-09-17 18:30:00</dateCreated>
    <changedBy/>
    <dateChanged id="70">2017-04-27 12:24:08</dateChanged>
    <retired>true</retired>
    <dateRetired id="71">2017-04-18 01:24:07</dateRetired>
    <retiredBy/>
    <retireReason>Not used in OpenMRS distribution for Cambodia</retireReason>
    <personAttributeTypeId>18</personAttributeTypeId>
    <format>java.lang.String</format>
    <sortWeight>11.0</sortWeight>
    <searchable>true</searchable>
  </org.openmrs.PersonAttributeType>
  <org.openmrs.PersonAttributeType id="72" uuid="d1314f0f-c2d9-4223-88d9-ec4d2827c9da">
    <name>distanceFromCenter</name>
    <description>Distance From Center (in km)</description>
    <creator/>
    <dateCreated id="73">2015-02-25 08:58:09</dateCreated>
    <changedBy/>
    <dateChanged id="74">2017-04-27 12:24:08</dateChanged>
    <retired>true</retired>
    <dateRetired id="75">2017-04-20 19:47:38</dateRetired>
    <retiredBy/>
    <retireReason>Not used in OpenMRS distribution for Cambodia</retireReason>
    <personAttributeTypeId>21</personAttributeTypeId>
    <format>java.lang.Float</format>
    <sortWeight>14.0</sortWeight>
    <searchable>true</searchable>
  </org.openmrs.PersonAttributeType>
  <org.openmrs.PersonAttributeType id="76" uuid="d21cfce0-0cce-4ec5-a451-008b03b0e855">
    <name>other</name>
    <description>PERSONATTRIBUTE_OTHER</description>
    <creator/>
    <dateCreated id="77">2017-04-18 01:28:36</dateCreated>
    <dateChanged id="78">2017-04-20 19:04:05</dateChanged>
    <retired>false</retired>
    <personAttributeTypeId>29</personAttributeTypeId>
    <format>java.lang.String</format>
    <sortWeight>22.0</sortWeight>
    <searchable>false</searchable>
  </org.openmrs.PersonAttributeType>
  <org.openmrs.PersonAttributeType id="79" uuid="e214b76d-2012-4543-a4ca-95b3d69c295f">
    <name>secondaryPhoneNumber</name>
    <description>PERSONATTRIBUTE_SECONDARY_PHONE_NUMBER</description>
    <creator/>
    <dateCreated id="80">2017-04-18 01:26:32</dateCreated>
    <dateChanged id="81">2017-04-20 19:04:42</dateChanged>
    <retired>false</retired>
    <personAttributeTypeId>30</personAttributeTypeId>
    <format>java.lang.String</format>
    <sortWeight>20.0</sortWeight>
    <searchable>true</searchable>
  </org.openmrs.PersonAttributeType>
  <org.openmrs.PersonAttributeType id="82" uuid="fb3c00b1-81c8-40fe-89e8-6b3344688a13">
    <name>debt</name>
    <description>debt (in Rs)</description>
    <creator/>
    <dateCreated id="83">2015-02-25 08:57:32</dateCreated>
    <changedBy/>
    <dateChanged id="84">2017-04-27 13:06:35</dateChanged>
    <retired>true</retired>
    <dateRetired id="85">2017-04-27 13:06:35</dateRetired>
    <retiredBy/>
    <retireReason>Not used in OpenMRS distribution for Cambodia</retireReason>
    <personAttributeTypeId>20</personAttributeTypeId>
    <format>java.lang.String</format>
    <sortWeight>13.0</sortWeight>
    <searchable>false</searchable>
  </org.openmrs.PersonAttributeType>
</list>
