<?xml version="1.0" encoding="UTF-8"?>
<list id="1">
  <org.openmrs.PersonAttributeType id="2" uuid="1102f74e-ea2f-461e-b67f-db58bd136e5c">
    <name>metadata.personAttributeType.2ndPhoneNumber.name</name>
    <description>metadata.personAttributeType.2ndPhoneNumber.description</description>
    <creator/>
    <dateCreated id="3">2017-05-09 19:47:48</dateCreated>
    <retired>false</retired>
    <personAttributeTypeId>32</personAttributeTypeId>
    <format>java.lang.String</format>
    <sortWeight>23.0</sortWeight>
    <searchable>false</searchable>
  </org.openmrs.PersonAttributeType>
  <org.openmrs.PersonAttributeType id="4" uuid="23bc8d94-344b-4143-b3f5-999e7cc89786">
    <name>metadata.personAttributeType.email.name</name>
    <description>metadata.personAttributeType.email.description</description>
    <creator/>
    <dateCreated id="5">2017-05-09 19:45:44</dateCreated>
    <retired>false</retired>
    <personAttributeTypeId>29</personAttributeTypeId>
    <format>java.lang.String</format>
    <sortWeight>20.0</sortWeight>
    <searchable>true</searchable>
  </org.openmrs.PersonAttributeType>
  <org.openmrs.PersonAttributeType id="6" uuid="35e98d04-3981-4257-a593-fadd81bfc109">
    <name>cluster</name>
    <description>cluster</description>
    <creator/>
    <dateCreated id="7">2015-02-25 07:30:14</dateCreated>
    <changedBy/>
    <dateChanged id="8">2017-05-09 19:48:54</dateChanged>
    <retired>true</retired>
    <dateRetired id="9">2017-05-09 19:48:54</dateRetired>
    <retiredBy/>
    <retireReason>Not used in OpenMRS distribution for Cambodia</retireReason>
    <personAttributeTypeId>23</personAttributeTypeId>
    <format>org.openmrs.Concept</format>
    <foreignKey>1173</foreignKey>
    <sortWeight>16.0</sortWeight>
    <searchable>true</searchable>
  </org.openmrs.PersonAttributeType>
  <org.openmrs.PersonAttributeType id="10" uuid="3dfdc176-17fd-42b1-b5be-c7e25b78b602">
    <name>landHolding</name>
    <description>Land Holding (in acres)</description>
    <creator/>
    <dateCreated id="11">2015-02-25 07:27:11</dateCreated>
    <changedBy/>
    <dateChanged id="12">2017-05-09 19:48:44</dateChanged>
    <retired>true</retired>
    <dateRetired id="13">2017-05-09 19:48:44</dateRetired>
    <retiredBy/>
    <retireReason>Not used in OpenMRS distribution for Cambodia</retireReason>
    <personAttributeTypeId>19</personAttributeTypeId>
    <format>java.lang.Integer</format>
    <sortWeight>12.0</sortWeight>
    <searchable>true</searchable>
  </org.openmrs.PersonAttributeType>
  <org.openmrs.PersonAttributeType id="14" uuid="632d27a5-58c6-49f3-acb1-2a7b5855eaca">
    <name>metadata.personAttributeType.nationality.name</name>
    <description>metadata.personAttributeType.nationality.description</description>
    <creator/>
    <dateCreated id="15">2017-05-09 19:45:06</dateCreated>
    <retired>false</retired>
    <personAttributeTypeId>28</personAttributeTypeId>
    <format>org.openmrs.Concept</format>
    <foreignKey>3229</foreignKey>
    <sortWeight>19.0</sortWeight>
    <searchable>true</searchable>
  </org.openmrs.PersonAttributeType>
  <org.openmrs.PersonAttributeType id="16" uuid="6f32179b-c6b9-465e-a278-c15da2637630">
    <name>RationCard</name>
    <description>Ration Card Type</description>
    <creator/>
    <dateCreated id="17">2015-02-25 07:30:50</dateCreated>
    <changedBy/>
    <dateChanged id="18">2017-05-09 19:48:57</dateChanged>
    <retired>true</retired>
    <dateRetired id="19">2017-05-09 19:48:57</dateRetired>
    <retiredBy/>
    <retireReason>Not used in OpenMRS distribution for Cambodia</retireReason>
    <personAttributeTypeId>24</personAttributeTypeId>
    <format>org.openmrs.Concept</format>
    <foreignKey>1174</foreignKey>
    <sortWeight>17.0</sortWeight>
    <searchable>true</searchable>
  </org.openmrs.PersonAttributeType>
  <org.openmrs.PersonAttributeType id="20" uuid="82325788-3f10-11e4-adec-0800271c1b75">
    <name>givenNameLocal</name>
    <description>metadata.personAttributeType.givenNameLocal.description</description>
    <creator/>
    <dateCreated id="21">2014-09-18 07:18:06</dateCreated>
    <changedBy/>
    <dateChanged id="22">2017-05-09 19:46:00</dateChanged>
    <retired>false</retired>
    <personAttributeTypeId>8</personAttributeTypeId>
    <format>java.lang.String</format>
    <sortWeight>3.0</sortWeight>
    <searchable>false</searchable>
  </org.openmrs.PersonAttributeType>
  <org.openmrs.PersonAttributeType id="23" uuid="8233a58a-3f10-11e4-adec-0800271c1b75">
    <name>familyNameLocal</name>
    <description>metadata.personAttributeType.familyNameLocal.description</description>
    <creator/>
    <dateCreated id="24">2014-09-18 07:18:06</dateCreated>
    <changedBy/>
    <dateChanged id="25">2017-05-09 19:46:09</dateChanged>
    <retired>false</retired>
    <personAttributeTypeId>9</personAttributeTypeId>
    <format>java.lang.String</format>
    <sortWeight>3.0</sortWeight>
    <searchable>false</searchable>
  </org.openmrs.PersonAttributeType>
  <org.openmrs.PersonAttributeType id="26" uuid="8234e7b0-3f10-11e4-adec-0800271c1b75">
    <name>middleNameLocal</name>
    <description>metadata.personAttributeType.middleNameLocal.description</description>
    <creator/>
    <dateCreated id="27">2014-09-18 07:18:06</dateCreated>
    <changedBy/>
    <dateChanged id="28">2017-05-09 19:46:19</dateChanged>
    <retired>false</retired>
    <personAttributeTypeId>10</personAttributeTypeId>
    <format>java.lang.String</format>
    <sortWeight>3.0</sortWeight>
    <searchable>false</searchable>
  </org.openmrs.PersonAttributeType>
  <org.openmrs.PersonAttributeType id="29" uuid="9234695b-0f68-4970-aeb7-3b32d4a2b346">
    <name>isUrban</name>
    <description>Urban</description>
    <creator/>
    <dateCreated id="30">2015-02-25 07:29:13</dateCreated>
    <changedBy/>
    <dateChanged id="31">2017-05-09 19:48:52</dateChanged>
    <retired>true</retired>
    <dateRetired id="32">2017-05-09 19:48:52</dateRetired>
    <retiredBy/>
    <retireReason>Not used in OpenMRS distribution for Cambodia</retireReason>
    <personAttributeTypeId>22</personAttributeTypeId>
    <format>java.lang.Boolean</format>
    <sortWeight>15.0</sortWeight>
    <searchable>true</searchable>
  </org.openmrs.PersonAttributeType>
  <org.openmrs.PersonAttributeType id="33" uuid="a10fe690-1c44-4ba8-a244-8fe51f9e61f7">
    <name>familyIncome</name>
    <description>Family Income (per month in Rs)</description>
    <creator/>
    <dateCreated id="34">2015-02-25 07:31:57</dateCreated>
    <changedBy/>
    <dateChanged id="35">2017-05-09 19:49:01</dateChanged>
    <retired>true</retired>
    <dateRetired id="36">2017-05-09 19:49:01</dateRetired>
    <retiredBy/>
    <retireReason>Not used in OpenMRS distribution for Cambodia</retireReason>
    <personAttributeTypeId>25</personAttributeTypeId>
    <format>org.openmrs.Concept</format>
    <foreignKey>1175</foreignKey>
    <sortWeight>18.0</sortWeight>
    <searchable>true</searchable>
  </org.openmrs.PersonAttributeType>
  <org.openmrs.PersonAttributeType id="37" uuid="c1f4239f-3f10-11e4-adec-0800271c1b75">
    <name>caste</name>
    <description>Caste</description>
    <creator/>
    <dateCreated id="38">2014-09-17 17:00:00</dateCreated>
    <changedBy/>
    <dateChanged id="39">2017-05-09 19:48:21</dateChanged>
    <retired>true</retired>
    <dateRetired id="40">2017-05-09 19:48:21</dateRetired>
    <retiredBy/>
    <retireReason>Not used in OpenMRS distribution for Cambodia</retireReason>
    <personAttributeTypeId>11</personAttributeTypeId>
    <format>java.lang.String</format>
    <sortWeight>4.0</sortWeight>
    <searchable>true</searchable>
  </org.openmrs.PersonAttributeType>
  <org.openmrs.PersonAttributeType id="41" uuid="c1f455e7-3f10-11e4-adec-0800271c1b75">
    <name>class</name>
    <description>Class</description>
    <creator/>
    <dateCreated id="42">2014-09-17 17:00:00</dateCreated>
    <changedBy/>
    <dateChanged id="43">2017-05-09 19:48:24</dateChanged>
    <retired>true</retired>
    <dateRetired id="44">2017-05-09 19:48:24</dateRetired>
    <retiredBy/>
    <retireReason>Not used in OpenMRS distribution for Cambodia</retireReason>
    <personAttributeTypeId>12</personAttributeTypeId>
    <format>org.openmrs.Concept</format>
    <foreignKey>96</foreignKey>
    <sortWeight>5.0</sortWeight>
    <searchable>true</searchable>
  </org.openmrs.PersonAttributeType>
  <org.openmrs.PersonAttributeType id="45" uuid="c1f4a004-3f10-11e4-adec-0800271c1b75">
    <name>education</name>
    <description>Education Details</description>
    <creator/>
    <dateCreated id="46">2014-09-17 17:00:00</dateCreated>
    <changedBy/>
    <dateChanged id="47">2017-05-09 19:48:27</dateChanged>
    <retired>true</retired>
    <dateRetired id="48">2017-05-09 19:48:27</dateRetired>
    <retiredBy/>
    <retireReason>Not used in OpenMRS distribution for Cambodia</retireReason>
    <personAttributeTypeId>13</personAttributeTypeId>
    <format>org.openmrs.Concept</format>
    <foreignKey>102</foreignKey>
    <sortWeight>6.0</sortWeight>
    <searchable>true</searchable>
  </org.openmrs.PersonAttributeType>
  <org.openmrs.PersonAttributeType id="49" uuid="c1f7d1f1-3f10-11e4-adec-0800271c1b75">
    <name>occupation</name>
    <description>Occupation</description>
    <creator/>
    <dateCreated id="50">2014-09-17 17:00:00</dateCreated>
    <changedBy/>
    <dateChanged id="51">2017-05-09 19:48:30</dateChanged>
    <retired>true</retired>
    <dateRetired id="52">2017-05-09 19:48:30</dateRetired>
    <retiredBy/>
    <retireReason>Not used in OpenMRS distribution for Cambodia</retireReason>
    <personAttributeTypeId>14</personAttributeTypeId>
    <format>org.openmrs.Concept</format>
    <foreignKey>109</foreignKey>
    <sortWeight>7.0</sortWeight>
    <searchable>true</searchable>
  </org.openmrs.PersonAttributeType>
  <org.openmrs.PersonAttributeType id="53" uuid="c1f7fd17-3f10-11e4-adec-0800271c1b75">
    <name>primaryContact</name>
    <description>Primary Contact</description>
    <creator/>
    <dateCreated id="54">2014-09-17 17:00:00</dateCreated>
    <changedBy/>
    <dateChanged id="55">2017-05-09 19:48:33</dateChanged>
    <retired>true</retired>
    <dateRetired id="56">2017-05-09 19:48:33</dateRetired>
    <retiredBy/>
    <retireReason>Not used in OpenMRS distribution for Cambodia</retireReason>
    <personAttributeTypeId>15</personAttributeTypeId>
    <format>java.lang.String</format>
    <sortWeight>8.0</sortWeight>
    <searchable>true</searchable>
  </org.openmrs.PersonAttributeType>
  <org.openmrs.PersonAttributeType id="57" uuid="c1f825c9-3f10-11e4-adec-0800271c1b75">
    <name>secondaryContact</name>
    <description>Secondary Contact</description>
    <creator/>
    <dateCreated id="58">2014-09-17 17:00:00</dateCreated>
    <changedBy/>
    <dateChanged id="59">2017-05-09 19:48:36</dateChanged>
    <retired>true</retired>
    <dateRetired id="60">2017-05-09 19:48:36</dateRetired>
    <retiredBy/>
    <retireReason>Not used in OpenMRS distribution for Cambodia</retireReason>
    <personAttributeTypeId>16</personAttributeTypeId>
    <format>java.lang.String</format>
    <sortWeight>9.0</sortWeight>
    <searchable>true</searchable>
  </org.openmrs.PersonAttributeType>
  <org.openmrs.PersonAttributeType id="61" uuid="c1f84df3-3f10-11e4-adec-0800271c1b75">
    <name>primaryRelative</name>
    <description>Father&apos;s/Husband&apos;s Name</description>
    <creator/>
    <dateCreated id="62">2014-09-17 17:00:00</dateCreated>
    <changedBy/>
    <dateChanged id="63">2017-05-09 19:48:39</dateChanged>
    <retired>true</retired>
    <dateRetired id="64">2017-05-09 19:48:39</dateRetired>
    <retiredBy/>
    <retireReason>Not used in OpenMRS distribution for Cambodia</retireReason>
    <personAttributeTypeId>17</personAttributeTypeId>
    <format>java.lang.String</format>
    <sortWeight>10.0</sortWeight>
    <searchable>true</searchable>
  </org.openmrs.PersonAttributeType>
  <org.openmrs.PersonAttributeType id="65" uuid="c1f8880d-3f10-11e4-adec-0800271c1b75">
    <name>secondaryIdentifier</name>
    <description>Secondary Identifier</description>
    <creator/>
    <dateCreated id="66">2014-09-17 17:00:00</dateCreated>
    <changedBy/>
    <dateChanged id="67">2017-05-09 19:48:41</dateChanged>
    <retired>true</retired>
    <dateRetired id="68">2017-05-09 19:48:41</dateRetired>
    <retiredBy/>
    <retireReason>Not used in OpenMRS distribution for Cambodia</retireReason>
    <personAttributeTypeId>18</personAttributeTypeId>
    <format>java.lang.String</format>
    <sortWeight>11.0</sortWeight>
    <searchable>true</searchable>
  </org.openmrs.PersonAttributeType>
  <org.openmrs.PersonAttributeType id="69" uuid="c3bcd296-eb82-4451-a4b4-eedd1d5f322f">
    <name>metadata.personAttributeType.phoneNumber.name</name>
    <description>metadata.personAttributeType.phoneNumber.description</description>
    <creator/>
    <dateCreated id="70">2017-05-09 19:46:44</dateCreated>
    <retired>false</retired>
    <personAttributeTypeId>30</personAttributeTypeId>
    <format>java.lang.String</format>
    <sortWeight>21.0</sortWeight>
    <searchable>true</searchable>
  </org.openmrs.PersonAttributeType>
  <org.openmrs.PersonAttributeType id="71" uuid="d1314f0f-c2d9-4223-88d9-ec4d2827c9da">
    <name>distanceFromCenter</name>
    <description>Distance From Center (in km)</description>
    <creator/>
    <dateCreated id="72">2015-02-25 07:28:09</dateCreated>
    <changedBy/>
    <dateChanged id="73">2017-05-09 19:48:49</dateChanged>
    <retired>true</retired>
    <dateRetired id="74">2017-05-09 19:48:49</dateRetired>
    <retiredBy/>
    <retireReason>Not used in OpenMRS distribution for Cambodia</retireReason>
    <personAttributeTypeId>21</personAttributeTypeId>
    <format>java.lang.Float</format>
    <sortWeight>14.0</sortWeight>
    <searchable>true</searchable>
  </org.openmrs.PersonAttributeType>
  <org.openmrs.PersonAttributeType id="75" uuid="f155a740-c252-4e45-bea6-51fd9706dcf7">
    <name>metadata.personAttributeType.other.name</name>
    <description>metadata.personAttributeType.other.description</description>
    <creator/>
    <dateCreated id="76">2017-05-09 19:46:58</dateCreated>
    <retired>false</retired>
    <personAttributeTypeId>31</personAttributeTypeId>
    <format>java.lang.String</format>
    <sortWeight>22.0</sortWeight>
    <searchable>false</searchable>
  </org.openmrs.PersonAttributeType>
  <org.openmrs.PersonAttributeType id="77" uuid="fb3c00b1-81c8-40fe-89e8-6b3344688a13">
    <name>debt</name>
    <description>debt (in Rs)</description>
    <creator/>
    <dateCreated id="78">2015-02-25 07:27:32</dateCreated>
    <changedBy/>
    <dateChanged id="79">2017-05-09 19:48:47</dateChanged>
    <retired>true</retired>
    <dateRetired id="80">2017-05-09 19:48:47</dateRetired>
    <retiredBy/>
    <retireReason>Not used in OpenMRS distribution for Cambodia</retireReason>
    <personAttributeTypeId>20</personAttributeTypeId>
    <format>java.lang.String</format>
    <sortWeight>13.0</sortWeight>
    <searchable>true</searchable>
  </org.openmrs.PersonAttributeType>
</list>
