<?xml version="1.0" encoding="UTF-8"?>
<package id="1" uuid="a637c94f-a802-4330-a9a2-df96e10db7ce">
  <dateCreated id="2">2017-04-22 16:00:33</dateCreated>
  <name>LocationTag</name>
  <description>Location Tags required to start the OpenMRS distribution for Cambodia</description>
  <openmrsVersion>2.0.4  Build ad0cff</openmrsVersion>
  <version>1</version>
  <groupUuid>6165eda5-bb2e-40e9-b870-34fd999c5d74</groupUuid>
  <modules id="3">
    <entry>
      <string>calculation</string>
      <string>1.3-SNAPSHOT</string>
    </entry>
    <entry>
      <string>legacyui</string>
      <string>1.2.4-SNAPSHOT</string>
    </entry>
    <entry>
      <string>metadatasharing</string>
      <string>1.2.2</string>
    </entry>
    <entry>
      <string>bedmanagement</string>
      <string>5.6-SNAPSHOT</string>
    </entry>
    <entry>
      <string>providermanagement</string>
      <string>2.5.0</string>
    </entry>
    <entry>
      <string>bacteriology</string>
      <string>1.1-SNAPSHOT</string>
    </entry>
    <entry>
      <string>htmlwidgets</string>
      <string>1.7.3-SNAPSHOT</string>
    </entry>
    <entry>
      <string>reference-data</string>
      <string>0.88-SNAPSHOT</string>
    </entry>
    <entry>
      <string>addresshierarchy</string>
      <string>2.11.0-SNAPSHOT</string>
    </entry>
    <entry>
      <string>uiframework</string>
      <string>3.8</string>
    </entry>
    <entry>
      <string>rulesengine</string>
      <string>0.88-SNAPSHOT</string>
    </entry>
    <entry>
      <string>idgen-webservices</string>
      <string>1.1-SNAPSHOT</string>
    </entry>
    <entry>
      <string>event</string>
      <string>2.5</string>
    </entry>
    <entry>
      <string>uicommons</string>
      <string>1.10-SNAPSHOT</string>
    </entry>
    <entry>
      <string>reporting</string>
      <string>0.10.4</string>
    </entry>
    <entry>
      <string>emrapi</string>
      <string>1.20</string>
    </entry>
    <entry>
      <string>episodes</string>
      <string>1.0-SNAPSHOT</string>
    </entry>
    <entry>
      <string>idgen</string>
      <string>4.4-SNAPSHOT</string>
    </entry>
    <entry>
      <string>bahmnicore</string>
      <string>0.88-SNAPSHOT</string>
    </entry>
    <entry>
      <string>uilibrary</string>
      <string>2.0.5-SNAPSHOT</string>
    </entry>
    <entry>
      <string>initializer</string>
      <string>1.0-SNAPSHOT</string>
    </entry>
    <entry>
      <string>appframework</string>
      <string>2.10-SNAPSHOT</string>
    </entry>
    <entry>
      <string>webservices.rest</string>
      <string>2.17.1cd94b</string>
    </entry>
    <entry>
      <string>openmrs-atomfeed</string>
      <string>2.5.5-SNAPSHOT</string>
    </entry>
    <entry>
      <string>metadatamapping</string>
      <string>1.2.1</string>
    </entry>
    <entry>
      <string>bahmni.ie.apps</string>
      <string>0.88-SNAPSHOT</string>
    </entry>
    <entry>
      <string>serialization.xstream</string>
      <string>0.2.12</string>
    </entry>
  </modules>
  <items class="linked-hash-set" id="4">
    <org.openmrs.module.metadatasharing.Item id="5" uuid="475d8fa3-5572-11e6-8be9-0800270d80ce">
      <id>3</id>
      <classname>org.openmrs.LocationTag</classname>
      <dateChanged id="6">2016-07-29 09:53:19</dateChanged>
      <retired>false</retired>
    </org.openmrs.module.metadatasharing.Item>
    <org.openmrs.module.metadatasharing.Item id="7" uuid="a675e840-d225-11e4-9c67-080027b662ec">
      <id>2</id>
      <classname>org.openmrs.LocationTag</classname>
      <dateChanged id="8">2017-04-22 15:58:57</dateChanged>
      <retired>true</retired>
    </org.openmrs.module.metadatasharing.Item>
    <org.openmrs.module.metadatasharing.Item id="9" uuid="b8bbf83e-645f-451f-8efe-a0db56f09676">
      <id>1</id>
      <classname>org.openmrs.LocationTag</classname>
      <dateChanged id="10">2014-09-18 08:58:23</dateChanged>
      <retired>false</retired>
    </org.openmrs.module.metadatasharing.Item>
  </items>
  <relatedItems class="linked-hash-set" id="11"/>
</package>
