<?xml version="1.0" encoding="UTF-8"?>
<list id="1">
  <org.openmrs.LocationTag id="2" uuid="475d8fa3-5572-11e6-8be9-0800270d80ce">
    <name>Visit Location</name>
    <description>Visit Location</description>
    <creator/>
    <dateCreated id="3">2016-07-29 09:53:19</dateCreated>
    <changedBy/>
    <dateChanged id="4">2017-05-09 19:16:26</dateChanged>
    <retired>false</retired>
    <locationTagId>3</locationTagId>
  </org.openmrs.LocationTag>
  <org.openmrs.LocationTag id="5" uuid="a675e840-d225-11e4-9c67-080027b662ec">
    <name>Admission Location</name>
    <description>General Ward Patients</description>
    <creator/>
    <dateCreated id="6">2015-03-24 12:59:47</dateCreated>
    <changedBy/>
    <dateChanged id="7">2017-05-09 19:16:26</dateChanged>
    <retired>true</retired>
    <dateRetired id="8">2017-04-22 15:58:57</dateRetired>
    <retiredBy/>
    <retireReason>Not used in OpenMRS distribution for Cambodia</retireReason>
    <locationTagId>2</locationTagId>
  </org.openmrs.LocationTag>
  <org.openmrs.LocationTag id="9" uuid="b8bbf83e-645f-451f-8efe-a0db56f09676">
    <name>Login Location</name>
    <description>When a user logs in and chooses a session location, they may only choose one with this tag</description>
    <creator/>
    <dateCreated id="10">2014-09-18 08:58:23</dateCreated>
    <changedBy/>
    <dateChanged id="11">2017-05-09 19:16:26</dateChanged>
    <retired>false</retired>
    <locationTagId>1</locationTagId>
  </org.openmrs.LocationTag>
</list>
