<?xml version="1.0" encoding="UTF-8"?>
<package id="1" uuid="2e3056a8-8dc3-44e5-a36b-54f8a132fcd5">
  <dateCreated id="2">2017-05-10 17:29:07</dateCreated>
  <name>PatientIdentifierType</name>
  <description>Patient Identifier Types required to start the OpenMRS distribution for Cambodia</description>
  <openmrsVersion>2.1.0  Build 7eadd7</openmrsVersion>
  <version>1</version>
  <groupUuid>d0e1ce67-1677-4d10-9b8c-4902f10dc47a</groupUuid>
  <modules id="3">
    <entry>
      <string>calculation</string>
      <string>1.3-SNAPSHOT</string>
    </entry>
    <entry>
      <string>legacyui</string>
      <string>1.2.4-SNAPSHOT</string>
    </entry>
    <entry>
      <string>metadatasharing</string>
      <string>1.2.2</string>
    </entry>
    <entry>
      <string>bedmanagement</string>
      <string>5.6-SNAPSHOT</string>
    </entry>
    <entry>
      <string>providermanagement</string>
      <string>2.5.0</string>
    </entry>
    <entry>
      <string>bacteriology</string>
      <string>1.1-SNAPSHOT</string>
    </entry>
    <entry>
      <string>htmlwidgets</string>
      <string>1.7.3-SNAPSHOT</string>
    </entry>
    <entry>
      <string>reference-data</string>
      <string>0.89-SNAPSHOT</string>
    </entry>
    <entry>
      <string>addresshierarchy</string>
      <string>2.9</string>
    </entry>
    <entry>
      <string>uiframework</string>
      <string>3.8</string>
    </entry>
    <entry>
      <string>rulesengine</string>
      <string>0.89-SNAPSHOT</string>
    </entry>
    <entry>
      <string>idgen-webservices</string>
      <string>1.2-SNAPSHOT</string>
    </entry>
    <entry>
      <string>event</string>
      <string>2.5</string>
    </entry>
    <entry>
      <string>uicommons</string>
      <string>1.10-SNAPSHOT</string>
    </entry>
    <entry>
      <string>reporting</string>
      <string>0.10.4</string>
    </entry>
    <entry>
      <string>emrapi</string>
      <string>1.21.1-SNAPSHOT</string>
    </entry>
    <entry>
      <string>episodes</string>
      <string>1.0-SNAPSHOT</string>
    </entry>
    <entry>
      <string>idgen</string>
      <string>4.4-SNAPSHOT</string>
    </entry>
    <entry>
      <string>bahmnicore</string>
      <string>0.89-SNAPSHOT</string>
    </entry>
    <entry>
      <string>uilibrary</string>
      <string>2.0.5-SNAPSHOT</string>
    </entry>
    <entry>
      <string>appframework</string>
      <string>2.10-SNAPSHOT</string>
    </entry>
    <entry>
      <string>webservices.rest</string>
      <string>2.17.1cd94b</string>
    </entry>
    <entry>
      <string>openmrs-atomfeed</string>
      <string>2.5.5-SNAPSHOT</string>
    </entry>
    <entry>
      <string>metadatamapping</string>
      <string>1.3.1</string>
    </entry>
    <entry>
      <string>bahmni.ie.apps</string>
      <string>0.89-SNAPSHOT</string>
    </entry>
    <entry>
      <string>serialization.xstream</string>
      <string>0.2.12</string>
    </entry>
  </modules>
  <items class="linked-hash-set" id="4">
    <org.openmrs.module.metadatasharing.Item id="5" uuid="0d2ac572-8de3-46c8-9976-1f78899c599f">
      <id>4</id>
      <classname>org.openmrs.PatientIdentifierType</classname>
      <dateChanged id="6">2017-05-10 17:27:40</dateChanged>
      <retired>true</retired>
    </org.openmrs.module.metadatasharing.Item>
    <org.openmrs.module.metadatasharing.Item id="7" uuid="3de55f65-908e-4bb6-ab84-ba45091ef968">
      <id>7</id>
      <classname>org.openmrs.PatientIdentifierType</classname>
      <dateChanged id="8">2017-05-10 17:27:03</dateChanged>
      <retired>false</retired>
    </org.openmrs.module.metadatasharing.Item>
    <org.openmrs.module.metadatasharing.Item id="9" uuid="43ea64a0-5727-492c-81a0-d9b8c7baeef0">
      <id>5</id>
      <classname>org.openmrs.PatientIdentifierType</classname>
      <dateChanged id="10">2017-05-10 17:25:43</dateChanged>
      <retired>false</retired>
    </org.openmrs.module.metadatasharing.Item>
    <org.openmrs.module.metadatasharing.Item id="11" uuid="81433852-3f10-11e4-adec-0800271c1b75">
      <id>3</id>
      <classname>org.openmrs.PatientIdentifierType</classname>
      <dateChanged id="12">2017-05-10 17:27:49</dateChanged>
      <retired>true</retired>
    </org.openmrs.module.metadatasharing.Item>
    <org.openmrs.module.metadatasharing.Item id="13" uuid="8d793bee-c2cc-11de-8d13-0010c6dffd0f">
      <id>1</id>
      <classname>org.openmrs.PatientIdentifierType</classname>
      <dateChanged id="14">2017-05-10 17:28:48</dateChanged>
      <retired>false</retired>
    </org.openmrs.module.metadatasharing.Item>
    <org.openmrs.module.metadatasharing.Item id="15" uuid="8d79403a-c2cc-11de-8d13-0010c6dffd0f">
      <id>2</id>
      <classname>org.openmrs.PatientIdentifierType</classname>
      <dateChanged id="16">2017-05-10 17:27:45</dateChanged>
      <retired>true</retired>
    </org.openmrs.module.metadatasharing.Item>
    <org.openmrs.module.metadatasharing.Item id="17" uuid="91a9d35d-ff9c-455b-8c10-24d6c2c5c71f">
      <id>6</id>
      <classname>org.openmrs.PatientIdentifierType</classname>
      <dateChanged id="18">2017-05-10 17:28:55</dateChanged>
      <retired>false</retired>
    </org.openmrs.module.metadatasharing.Item>
    <org.openmrs.module.metadatasharing.Item id="19" uuid="bf296dc6-3132-4637-a7d1-ca1e8da82e4b">
      <id>8</id>
      <classname>org.openmrs.PatientIdentifierType</classname>
      <dateChanged id="20">2017-05-10 17:27:29</dateChanged>
      <retired>false</retired>
    </org.openmrs.module.metadatasharing.Item>
  </items>
  <relatedItems class="linked-hash-set" id="21"/>
</package>
