<?xml version="1.0" encoding="UTF-8"?>
<list id="1">
  <org.openmrs.PatientIdentifierType id="2" uuid="0d2ac572-8de3-46c8-9976-1f78899c599f">
    <name>National ID</name>
    <description>National ID</description>
    <creator/>
    <dateCreated id="3">2016-11-10 05:03:26</dateCreated>
    <changedBy/>
    <dateChanged id="4">2017-05-10 17:27:40</dateChanged>
    <retired>true</retired>
    <dateRetired id="5">2017-05-10 17:27:40</dateRetired>
    <retiredBy/>
    <retireReason>Not used in OpenMRS distribution for Cambodia</retireReason>
    <patientIdentifierTypeId>4</patientIdentifierTypeId>
    <required>false</required>
    <checkDigit>false</checkDigit>
    <locationBehavior>NOT_USED</locationBehavior>
  </org.openmrs.PatientIdentifierType>
  <org.openmrs.PatientIdentifierType id="6" uuid="3de55f65-908e-4bb6-ab84-ba45091ef968">
    <name>impl.hefId</name>
    <description>impl.hefId.desc</description>
    <creator/>
    <dateCreated id="7">2017-05-10 17:27:03</dateCreated>
    <retired>false</retired>
    <patientIdentifierTypeId>7</patientIdentifierTypeId>
    <required>false</required>
    <checkDigit>false</checkDigit>
    <locationBehavior>NOT_USED</locationBehavior>
  </org.openmrs.PatientIdentifierType>
  <org.openmrs.PatientIdentifierType id="8" uuid="43ea64a0-5727-492c-81a0-d9b8c7baeef0">
    <name>impl.nationalId</name>
    <description>impl.nationalId.desc</description>
    <creator/>
    <dateCreated id="9">2017-05-10 17:25:43</dateCreated>
    <retired>false</retired>
    <patientIdentifierTypeId>5</patientIdentifierTypeId>
    <required>false</required>
    <checkDigit>false</checkDigit>
    <locationBehavior>NOT_USED</locationBehavior>
  </org.openmrs.PatientIdentifierType>
  <org.openmrs.PatientIdentifierType id="10" uuid="81433852-3f10-11e4-adec-0800271c1b75">
    <name>Patient Identifier</name>
    <description>New patient identifier type created for use by the Bahmni Registration System</description>
    <creator/>
    <dateCreated id="11">2014-09-17 17:00:00</dateCreated>
    <changedBy/>
    <dateChanged id="12">2017-05-10 17:27:49</dateChanged>
    <retired>true</retired>
    <dateRetired id="13">2017-05-10 17:27:49</dateRetired>
    <retiredBy/>
    <retireReason>Not used in OpenMRS distribution for Cambodia</retireReason>
    <patientIdentifierTypeId>3</patientIdentifierTypeId>
    <required>true</required>
    <checkDigit>false</checkDigit>
    <locationBehavior>NOT_USED</locationBehavior>
  </org.openmrs.PatientIdentifierType>
  <org.openmrs.PatientIdentifierType id="14" uuid="8d793bee-c2cc-11de-8d13-0010c6dffd0f">
    <name>impl.openmrsId</name>
    <description>impl.openmrsId.desc</description>
    <creator/>
    <dateCreated id="15">2005-09-21 17:00:00</dateCreated>
    <changedBy/>
    <dateChanged id="16">2017-05-10 17:28:48</dateChanged>
    <retired>false</retired>
    <patientIdentifierTypeId>1</patientIdentifierTypeId>
    <format>[0-9]{6}[0-9]{1}</format>
    <required>false</required>
    <formatDescription>impl.openmrsId.desc.format</formatDescription>
    <checkDigit>false</checkDigit>
    <validator>org.openmrs.module.idgen.validator.LuhnMod10IdentifierValidator</validator>
    <locationBehavior>NOT_USED</locationBehavior>
    <uniquenessBehavior>UNIQUE</uniquenessBehavior>
  </org.openmrs.PatientIdentifierType>
  <org.openmrs.PatientIdentifierType id="17" uuid="8d79403a-c2cc-11de-8d13-0010c6dffd0f">
    <name>Old Identification Number</name>
    <description>Number given out prior to the OpenMRS system (No check digit)</description>
    <creator/>
    <dateCreated id="18">2005-09-21 17:00:00</dateCreated>
    <changedBy/>
    <dateChanged id="19">2017-05-10 17:27:45</dateChanged>
    <retired>true</retired>
    <dateRetired id="20">2017-05-10 17:27:45</dateRetired>
    <retiredBy/>
    <retireReason>Not used in OpenMRS distribution for Cambodia</retireReason>
    <patientIdentifierTypeId>2</patientIdentifierTypeId>
    <required>false</required>
    <checkDigit>false</checkDigit>
  </org.openmrs.PatientIdentifierType>
  <org.openmrs.PatientIdentifierType id="21" uuid="91a9d35d-ff9c-455b-8c10-24d6c2c5c71f">
    <name>impl.pmrsId</name>
    <description>impl.pmrsId.desc</description>
    <creator/>
    <dateCreated id="22">2017-05-10 17:26:44</dateCreated>
    <changedBy/>
    <dateChanged id="23">2017-05-10 17:28:55</dateChanged>
    <retired>false</retired>
    <patientIdentifierTypeId>6</patientIdentifierTypeId>
    <format>^[0-9]{3}-[0-9]{3}-[0-9]{3}-[0-9]</format>
    <required>false</required>
    <formatDescription>impl.pmrsId.desc.format</formatDescription>
    <checkDigit>false</checkDigit>
    <locationBehavior>NOT_USED</locationBehavior>
    <uniquenessBehavior>UNIQUE</uniquenessBehavior>
  </org.openmrs.PatientIdentifierType>
  <org.openmrs.PatientIdentifierType id="24" uuid="bf296dc6-3132-4637-a7d1-ca1e8da82e4b">
    <name>impl.legacyId</name>
    <description>impl.legacyId.desc</description>
    <creator/>
    <dateCreated id="25">2017-05-10 17:27:29</dateCreated>
    <retired>false</retired>
    <patientIdentifierTypeId>8</patientIdentifierTypeId>
    <required>false</required>
    <checkDigit>false</checkDigit>
    <locationBehavior>NOT_USED</locationBehavior>
  </org.openmrs.PatientIdentifierType>
</list>
