<?xml version="1.0" encoding="UTF-8"?>
<list id="1">
  <org.openmrs.PatientIdentifierType id="2" uuid="0d2ac572-8de3-46c8-9976-1f78899c599f">
    <name>PATIENTIDENTIFIERTYPE_2_NATIONAl_ID</name>
    <description>National ID card number</description>
    <creator/>
    <dateCreated id="3">2016-11-10 06:33:26</dateCreated>
    <retired>false</retired>
    <patientIdentifierTypeId>4</patientIdentifierTypeId>
    <required>false</required>
    <checkDigit>false</checkDigit>
    <locationBehavior>NOT_USED</locationBehavior>
  </org.openmrs.PatientIdentifierType>
  <org.openmrs.PatientIdentifierType id="4" uuid="74f23d28-fb30-48fa-ae0f-5a0f81a350b3">
    <name>PATIENTIDENTIFIERTYPE_3_PMRS_ID</name>
    <description>PMRS ID number</description>
    <creator/>
    <dateCreated id="5">2017-04-20 08:40:51</dateCreated>
    <retired>false</retired>
    <patientIdentifierTypeId>5</patientIdentifierTypeId>
    <format>^[0-9]{3}-[0-9]{3}-[0-9]{3}-[0-9]</format>
    <required>false</required>
    <formatDescription>3 groups of 3 numerical digits, seprated by a dash (&quot;-&quot;) followed by 1 last numerical digit. Ex: &apos;321-670-343-3&apos;</formatDescription>
    <checkDigit>false</checkDigit>
    <locationBehavior>NOT_USED</locationBehavior>
    <uniquenessBehavior>UNIQUE</uniquenessBehavior>
  </org.openmrs.PatientIdentifierType>
  <org.openmrs.PatientIdentifierType id="6" uuid="81433852-3f10-11e4-adec-0800271c1b75">
    <name>Patient Identifier</name>
    <description>New patient identifier type created for use by the Bahmni Registration System</description>
    <creator/>
    <dateCreated id="7">2014-09-17 18:30:00</dateCreated>
    <retired>true</retired>
    <dateRetired id="8">2017-04-20 08:28:39</dateRetired>
    <retiredBy/>
    <retireReason>Implementation specific requirement</retireReason>
    <patientIdentifierTypeId>3</patientIdentifierTypeId>
    <required>true</required>
    <checkDigit>false</checkDigit>
    <locationBehavior>NOT_USED</locationBehavior>
  </org.openmrs.PatientIdentifierType>
  <org.openmrs.PatientIdentifierType id="9" uuid="8816b04b-1cdf-4113-bef8-52dbe575ea78">
    <name>PATIENTIDENTIFIERTYPE_4_HEF_ID</name>
    <description>Health Equity Fund ID number</description>
    <creator/>
    <dateCreated id="10">2017-04-20 08:41:55</dateCreated>
    <retired>false</retired>
    <patientIdentifierTypeId>6</patientIdentifierTypeId>
    <required>false</required>
    <checkDigit>false</checkDigit>
    <locationBehavior>NOT_USED</locationBehavior>
  </org.openmrs.PatientIdentifierType>
  <org.openmrs.PatientIdentifierType id="11" uuid="8d793bee-c2cc-11de-8d13-0010c6dffd0f">
    <name>PATIENTIDENTIFIERTYPE_1_OPENMRS_ID</name>
    <description>Auto-generated ID</description>
    <creator/>
    <dateCreated id="12">2005-09-21 18:30:00</dateCreated>
    <retired>false</retired>
    <patientIdentifierTypeId>1</patientIdentifierTypeId>
    <format>[0-9]{6}[0-9]{1}</format>
    <required>true</required>
    <formatDescription>6 numeric digits ending with 1 check digit (Luhn Check Digit Mod-10). Ex &apos;0010421&apos;</formatDescription>
    <checkDigit>false</checkDigit>
    <validator>org.openmrs.module.idgen.validator.LuhnMod10IdentifierValidator</validator>
    <locationBehavior>NOT_USED</locationBehavior>
    <uniquenessBehavior>UNIQUE</uniquenessBehavior>
  </org.openmrs.PatientIdentifierType>
  <org.openmrs.PatientIdentifierType id="13" uuid="8d79403a-c2cc-11de-8d13-0010c6dffd0f">
    <name>PATIENTIDENTIFIERTYPE_5_LEGACY_ID</name>
    <description>Number given out prior to the OpenMRS system (No check digit and no format restriction</description>
    <creator/>
    <dateCreated id="14">2005-09-21 18:30:00</dateCreated>
    <retired>false</retired>
    <patientIdentifierTypeId>2</patientIdentifierTypeId>
    <required>false</required>
    <checkDigit>false</checkDigit>
    <locationBehavior>NOT_USED</locationBehavior>
  </org.openmrs.PatientIdentifierType>
</list>
