<?xml version="1.0" encoding="UTF-8"?>
<package id="1" uuid="d1820754-69f5-4fa6-8497-5f1e9b392d60">
  <dateCreated id="2">2018-03-23 14:32:42</dateCreated>
  <name>Location</name>
  <description>Locations required to start the OpenMRS distribution for Cambodia</description>
  <openmrsVersion>2.1.1  Build 725db5</openmrsVersion>
  <version>1</version>
  <groupUuid>59251448-e7bd-42c5-9252-f581516e40f9</groupUuid>
  <modules id="3">
    <entry>
      <string>calculation</string>
      <string>1.2</string>
    </entry>
    <entry>
      <string>legacyui</string>
      <string>1.3.3</string>
    </entry>
    <entry>
      <string>metadatasharing</string>
      <string>1.2.2</string>
    </entry>
    <entry>
      <string>mksreports</string>
      <string>1.1.1-SNAPSHOT</string>
    </entry>
    <entry>
      <string>bedmanagement</string>
      <string>5.6.0</string>
    </entry>
    <entry>
      <string>providermanagement</string>
      <string>2.5.0</string>
    </entry>
    <entry>
      <string>exti18n</string>
      <string>1.0.0</string>
    </entry>
    <entry>
      <string>bacteriology</string>
      <string>1.1-SNAPSHOT</string>
    </entry>
    <entry>
      <string>htmlwidgets</string>
      <string>1.8.0</string>
    </entry>
    <entry>
      <string>reference-data</string>
      <string>0.90-SNAPSHOT</string>
    </entry>
    <entry>
      <string>addresshierarchy</string>
      <string>2.11.0-SNAPSHOT</string>
    </entry>
    <entry>
      <string>uiframework</string>
      <string>3.8</string>
    </entry>
    <entry>
      <string>rulesengine</string>
      <string>0.90-SNAPSHOT</string>
    </entry>
    <entry>
      <string>idgen-webservices</string>
      <string>1.2-SNAPSHOT</string>
    </entry>
    <entry>
      <string>event</string>
      <string>2.5</string>
    </entry>
    <entry>
      <string>uicommons</string>
      <string>2.3.0</string>
    </entry>
    <entry>
      <string>reporting</string>
      <string>1.14.0-SNAPSHOT</string>
    </entry>
    <entry>
      <string>emrapi</string>
      <string>1.23.0</string>
    </entry>
    <entry>
      <string>episodes</string>
      <string>1.0-SNAPSHOT</string>
    </entry>
    <entry>
      <string>appointments</string>
      <string>1.0-SNAPSHOT</string>
    </entry>
    <entry>
      <string>idgen</string>
      <string>4.4.1</string>
    </entry>
    <entry>
      <string>bahmniOfflineSync</string>
      <string>0.90-SNAPSHOT</string>
    </entry>
    <entry>
      <string>auditlog</string>
      <string>1.0-SNAPSHOT</string>
    </entry>
    <entry>
      <string>bahmnicore</string>
      <string>0.90-SNAPSHOT</string>
    </entry>
    <entry>
      <string>uilibrary</string>
      <string>2.0.5</string>
    </entry>
    <entry>
      <string>initializer</string>
      <string>1.0.1-SNAPSHOT</string>
    </entry>
    <entry>
      <string>appframework</string>
      <string>2.10.0</string>
    </entry>
    <entry>
      <string>webservices.rest</string>
      <string>2.20.0.0e371e</string>
    </entry>
    <entry>
      <string>openmrs-atomfeed</string>
      <string>2.5.6</string>
    </entry>
    <entry>
      <string>metadatamapping</string>
      <string>1.3.1</string>
    </entry>
    <entry>
      <string>bahmni.ie.apps</string>
      <string>0.90-SNAPSHOT</string>
    </entry>
    <entry>
      <string>serialization.xstream</string>
      <string>0.2.12</string>
    </entry>
  </modules>
  <items class="linked-hash-set" id="4">
    <org.openmrs.module.metadatasharing.Item id="5" uuid="1d0d52ce-f171-4be4-b91a-75c537238e89">
      <id>15</id>
      <classname>org.openmrs.Location</classname>
      <dateChanged id="6">2018-03-23 14:31:43</dateChanged>
      <retired>false</retired>
    </org.openmrs.module.metadatasharing.Item>
    <org.openmrs.module.metadatasharing.Item id="7" uuid="265e0732-aa46-4993-bf8b-c85bed90a70d">
      <id>20</id>
      <classname>org.openmrs.Location</classname>
      <dateChanged id="8">2018-03-23 14:18:23</dateChanged>
      <retired>false</retired>
    </org.openmrs.module.metadatasharing.Item>
    <org.openmrs.module.metadatasharing.Item id="9" uuid="51d28b1b-244d-4c5f-9938-f88adb229561">
      <id>18</id>
      <classname>org.openmrs.Location</classname>
      <dateChanged id="10">2018-03-23 14:17:21</dateChanged>
      <retired>false</retired>
    </org.openmrs.module.metadatasharing.Item>
    <org.openmrs.module.metadatasharing.Item id="11" uuid="6076eb38-4a82-4990-a036-d2c32615d980">
      <id>16</id>
      <classname>org.openmrs.Location</classname>
      <dateChanged id="12">2018-03-23 14:16:30</dateChanged>
      <retired>false</retired>
    </org.openmrs.module.metadatasharing.Item>
    <org.openmrs.module.metadatasharing.Item id="13" uuid="6e91497c-5f68-451f-b5c1-d37a31235d43">
      <id>21</id>
      <classname>org.openmrs.Location</classname>
      <dateChanged id="14">2018-03-23 14:19:11</dateChanged>
      <retired>false</retired>
    </org.openmrs.module.metadatasharing.Item>
    <org.openmrs.module.metadatasharing.Item id="15" uuid="8d6c993e-c2cc-11de-8d13-0010c6dffd0f">
      <id>1</id>
      <classname>org.openmrs.Location</classname>
      <dateChanged id="16">2018-03-23 13:50:01</dateChanged>
      <retired>true</retired>
    </org.openmrs.module.metadatasharing.Item>
    <org.openmrs.module.metadatasharing.Item id="17" uuid="a14a55b4-f042-4f84-9ebc-0101c450f0c7">
      <id>17</id>
      <classname>org.openmrs.Location</classname>
      <dateChanged id="18">2018-03-23 14:16:26</dateChanged>
      <retired>false</retired>
    </org.openmrs.module.metadatasharing.Item>
    <org.openmrs.module.metadatasharing.Item id="19" uuid="ac29ca41-16cc-4471-87b4-5d74dacbafda">
      <id>19</id>
      <classname>org.openmrs.Location</classname>
      <dateChanged id="20">2018-03-23 14:17:57</dateChanged>
      <retired>false</retired>
    </org.openmrs.module.metadatasharing.Item>
    <org.openmrs.module.metadatasharing.Item id="21" uuid="b55b882d-24c7-4c54-945c-ac83e714ccf3">
      <id>22</id>
      <classname>org.openmrs.Location</classname>
      <dateChanged id="22">2018-03-23 14:19:49</dateChanged>
      <retired>false</retired>
    </org.openmrs.module.metadatasharing.Item>
    <org.openmrs.module.metadatasharing.Item id="23" uuid="baf7bd38-d225-11e4-9c67-080027b662ec">
      <id>9</id>
      <classname>org.openmrs.Location</classname>
      <dateChanged id="24">2018-03-23 13:50:01</dateChanged>
      <retired>true</retired>
    </org.openmrs.module.metadatasharing.Item>
    <org.openmrs.module.metadatasharing.Item id="25" uuid="baf83667-d225-11e4-9c67-080027b662ec">
      <id>10</id>
      <classname>org.openmrs.Location</classname>
      <dateChanged id="26">2018-03-23 13:50:01</dateChanged>
      <retired>true</retired>
    </org.openmrs.module.metadatasharing.Item>
    <org.openmrs.module.metadatasharing.Item id="27" uuid="bb0e512e-d225-11e4-9c67-080027b662ec">
      <id>11</id>
      <classname>org.openmrs.Location</classname>
      <dateChanged id="28">2018-03-23 13:50:01</dateChanged>
      <retired>true</retired>
    </org.openmrs.module.metadatasharing.Item>
    <org.openmrs.module.metadatasharing.Item id="29" uuid="bb0eb071-d225-11e4-9c67-080027b662ec">
      <id>12</id>
      <classname>org.openmrs.Location</classname>
      <dateChanged id="30">2018-03-23 13:50:01</dateChanged>
      <retired>true</retired>
    </org.openmrs.module.metadatasharing.Item>
    <org.openmrs.module.metadatasharing.Item id="31" uuid="c1e42932-3f10-11e4-adec-0800271c1b75">
      <id>2</id>
      <classname>org.openmrs.Location</classname>
      <dateChanged id="32">2018-03-23 13:50:01</dateChanged>
      <retired>true</retired>
    </org.openmrs.module.metadatasharing.Item>
    <org.openmrs.module.metadatasharing.Item id="33" uuid="c1e4950f-3f10-11e4-adec-0800271c1b75">
      <id>3</id>
      <classname>org.openmrs.Location</classname>
      <dateChanged id="34">2018-03-23 13:50:01</dateChanged>
      <retired>true</retired>
    </org.openmrs.module.metadatasharing.Item>
    <org.openmrs.module.metadatasharing.Item id="35" uuid="c1ebb8db-3f10-11e4-adec-0800271c1b75">
      <id>4</id>
      <classname>org.openmrs.Location</classname>
      <dateChanged id="36">2018-03-23 13:50:01</dateChanged>
      <retired>true</retired>
    </org.openmrs.module.metadatasharing.Item>
    <org.openmrs.module.metadatasharing.Item id="37" uuid="c1f25be5-3f10-11e4-adec-0800271c1b75">
      <id>5</id>
      <classname>org.openmrs.Location</classname>
      <dateChanged id="38">2018-03-23 13:50:01</dateChanged>
      <retired>true</retired>
    </org.openmrs.module.metadatasharing.Item>
    <org.openmrs.module.metadatasharing.Item id="39" uuid="c5854fd7-3f12-11e4-adec-0800271c1b75">
      <id>7</id>
      <classname>org.openmrs.Location</classname>
      <dateChanged id="40">2018-03-23 13:50:01</dateChanged>
      <retired>true</retired>
    </org.openmrs.module.metadatasharing.Item>
    <org.openmrs.module.metadatasharing.Item id="41" uuid="c58e12ed-3f12-11e4-adec-0800271c1b75">
      <id>8</id>
      <classname>org.openmrs.Location</classname>
      <dateChanged id="42">2018-03-23 13:50:01</dateChanged>
      <retired>true</retired>
    </org.openmrs.module.metadatasharing.Item>
    <org.openmrs.module.metadatasharing.Item id="43" uuid="e48fb2b3-d490-11e5-b193-0800270d80ce">
      <id>14</id>
      <classname>org.openmrs.Location</classname>
      <dateChanged id="44">2018-03-23 13:50:01</dateChanged>
      <retired>true</retired>
    </org.openmrs.module.metadatasharing.Item>
  </items>
  <relatedItems class="linked-hash-set" id="45">
    <org.openmrs.module.metadatasharing.Item id="46" uuid="475d8fa3-5572-11e6-8be9-0800270d80ce">
      <id>3</id>
      <classname>org.openmrs.LocationTag</classname>
      <dateChanged id="47">2018-03-23 13:50:01</dateChanged>
      <retired>false</retired>
    </org.openmrs.module.metadatasharing.Item>
    <org.openmrs.module.metadatasharing.Item id="48" uuid="b8bbf83e-645f-451f-8efe-a0db56f09676">
      <id>1</id>
      <classname>org.openmrs.LocationTag</classname>
      <dateChanged id="49">2018-03-23 13:50:01</dateChanged>
      <retired>false</retired>
    </org.openmrs.module.metadatasharing.Item>
    <org.openmrs.module.metadatasharing.Item id="50" uuid="a675e840-d225-11e4-9c67-080027b662ec">
      <id>2</id>
      <classname>org.openmrs.LocationTag</classname>
      <dateChanged id="51">2018-03-23 13:50:01</dateChanged>
      <retired>true</retired>
    </org.openmrs.module.metadatasharing.Item>
    <org.openmrs.module.metadatasharing.Item id="52" uuid="c1e46f27-3f10-11e4-adec-0800271c1b75">
      <id>1</id>
      <classname>org.openmrs.LocationAttribute</classname>
      <dateChanged id="53">2018-03-23 13:50:01</dateChanged>
    </org.openmrs.module.metadatasharing.Item>
    <org.openmrs.module.metadatasharing.Item id="54" uuid="c1e403a0-3f10-11e4-adec-0800271c1b75">
      <id>1</id>
      <classname>org.openmrs.LocationAttributeType</classname>
      <dateChanged id="55">2018-03-23 13:50:01</dateChanged>
      <retired>false</retired>
    </org.openmrs.module.metadatasharing.Item>
    <org.openmrs.module.metadatasharing.Item id="56" uuid="c1e4e4a5-3f10-11e4-adec-0800271c1b75">
      <id>2</id>
      <classname>org.openmrs.LocationAttribute</classname>
      <dateChanged id="57">2018-03-23 13:50:01</dateChanged>
    </org.openmrs.module.metadatasharing.Item>
    <org.openmrs.module.metadatasharing.Item id="58" uuid="c1f23319-3f10-11e4-adec-0800271c1b75">
      <id>3</id>
      <classname>org.openmrs.LocationAttribute</classname>
      <dateChanged id="59">2018-03-23 13:50:01</dateChanged>
    </org.openmrs.module.metadatasharing.Item>
    <org.openmrs.module.metadatasharing.Item id="60" uuid="c1f2a697-3f10-11e4-adec-0800271c1b75">
      <id>4</id>
      <classname>org.openmrs.LocationAttribute</classname>
      <dateChanged id="61">2018-03-23 13:50:01</dateChanged>
    </org.openmrs.module.metadatasharing.Item>
  </relatedItems>
</package>
