<?xml version="1.0" encoding="UTF-8"?>
<list id="1">
  <org.openmrs.Location id="2" uuid="3a8aa9a3-aea8-44d1-b08b-64454bddae82">
    <name>LOCATION_HEALTH_CENTER</name>
    <description>LOCATION_HEALTH_CENTER</description>
    <creator/>
    <dateCreated id="3">2017-04-22 15:51:35</dateCreated>
    <changedBy/>
    <dateChanged id="4">2017-04-22 16:35:53</dateChanged>
    <retired>false</retired>
    <attributes id="5"/>
    <locationId>15</locationId>
    <country>addresshierarchy.cambodia</country>
    <childLocations id="6"/>
    <tags id="7">
      <org.openmrs.LocationTag id="8" uuid="475d8fa3-5572-11e6-8be9-0800270d80ce">
        <name>Visit Location</name>
        <description>Visit Location</description>
        <creator/>
        <dateCreated id="9">2016-07-29 09:53:19</dateCreated>
        <changedBy/>
        <dateChanged id="10">2017-04-22 16:15:44</dateChanged>
        <retired>false</retired>
        <locationTagId>3</locationTagId>
      </org.openmrs.LocationTag>
      <org.openmrs.LocationTag id="11" uuid="b8bbf83e-645f-451f-8efe-a0db56f09676">
        <name>Login Location</name>
        <description>When a user logs in and chooses a session location, they may only choose one with this tag</description>
        <creator/>
        <dateCreated id="12">2014-09-18 08:58:23</dateCreated>
        <changedBy/>
        <dateChanged id="13">2017-04-22 16:15:44</dateChanged>
        <retired>false</retired>
        <locationTagId>1</locationTagId>
      </org.openmrs.LocationTag>
      <org.openmrs.LocationTag id="14" uuid="a675e840-d225-11e4-9c67-080027b662ec">
        <name>Admission Location</name>
        <description>General Ward Patients</description>
        <creator/>
        <dateCreated id="15">2015-03-24 12:59:47</dateCreated>
        <changedBy/>
        <dateChanged id="16">2017-04-22 16:15:44</dateChanged>
        <retired>true</retired>
        <dateRetired id="17">2017-04-22 15:58:57</dateRetired>
        <retiredBy/>
        <retireReason>Not used in OpenMRS distribution for Cambodia</retireReason>
        <locationTagId>2</locationTagId>
      </org.openmrs.LocationTag>
    </tags>
  </org.openmrs.Location>
  <org.openmrs.Location id="18" uuid="8d6c993e-c2cc-11de-8d13-0010c6dffd0f">
    <name>Unknown Location</name>
    <creator/>
    <dateCreated id="19">2005-09-21 18:30:00</dateCreated>
    <changedBy/>
    <dateChanged id="20">2017-04-22 16:15:44</dateChanged>
    <retired>true</retired>
    <dateRetired id="21">2017-04-22 15:52:47</dateRetired>
    <retiredBy/>
    <retireReason>Not used in OpenMRS distribution for Cambodia</retireReason>
    <attributes id="22"/>
    <locationId>1</locationId>
    <childLocations id="23"/>
    <tags id="24"/>
  </org.openmrs.Location>
  <org.openmrs.Location id="25" uuid="baf7bd38-d225-11e4-9c67-080027b662ec">
    <name>General Ward</name>
    <description>General Ward</description>
    <creator/>
    <dateCreated id="26">2015-03-24 13:00:22</dateCreated>
    <changedBy/>
    <dateChanged id="27">2017-04-22 16:15:44</dateChanged>
    <retired>true</retired>
    <dateRetired id="28">2017-04-22 15:52:21</dateRetired>
    <retiredBy/>
    <retireReason>Not used in OpenMRS distribution for Cambodia</retireReason>
    <attributes id="29"/>
    <locationId>9</locationId>
    <parentLocation id="30" resolves-to="org.openmrs.Location" uuid="c1e42932-3f10-11e4-adec-0800271c1b75">
      <name>Ganiyari</name>
      <description>Ganiyari hospital</description>
      <creator/>
      <dateCreated id="31">2014-09-17 18:30:00</dateCreated>
      <changedBy/>
      <dateChanged id="32">2017-04-22 16:15:44</dateChanged>
      <retired>true</retired>
      <dateRetired id="33">2017-04-22 15:52:21</dateRetired>
      <retiredBy/>
      <retireReason>Not used in OpenMRS distribution for Cambodia</retireReason>
      <attributes id="34">
        <org.openmrs.LocationAttribute id="35" uuid="c1e46f27-3f10-11e4-adec-0800271c1b75">
          <creator/>
          <dateCreated id="36">2014-09-17 18:30:00</dateCreated>
          <changedBy/>
          <dateChanged id="37">2017-04-22 16:15:44</dateChanged>
          <voided>false</voided>
          <owner class="org.openmrs.Location" reference="30"/>
          <attributeType class="org.openmrs.LocationAttributeType" id="38" uuid="c1e403a0-3f10-11e4-adec-0800271c1b75">
            <name>IdentifierSourceName</name>
            <description>Identifier source name of the source that needs to be used for patients coming from this location</description>
            <creator/>
            <dateCreated id="39">2014-09-17 18:30:00</dateCreated>
            <changedBy/>
            <dateChanged id="40">2017-04-22 16:15:44</dateChanged>
            <retired>false</retired>
            <minOccurs>0</minOccurs>
            <maxOccurs>1</maxOccurs>
            <datatypeClassname>org.openmrs.customdatatype.datatype.FreeTextDatatype</datatypeClassname>
            <locationAttributeTypeId>1</locationAttributeTypeId>
          </attributeType>
          <valueReference>GAN</valueReference>
          <locationAttributeId>1</locationAttributeId>
        </org.openmrs.LocationAttribute>
      </attributes>
      <locationId>2</locationId>
      <address1>Ou Bei Choan</address1>
      <cityVillage>Snuol Tret</cityVillage>
      <stateProvince>Banteay Meanchey</stateProvince>
      <country>Kingdom of Cambodia</country>
      <countyDistrict>Ou Chrov</countyDistrict>
      <childLocations id="41">
        <org.openmrs.Location id="42" uuid="c58e12ed-3f12-11e4-adec-0800271c1b75">
          <name>OPD-1</name>
          <creator/>
          <dateCreated id="43">2014-09-18 09:04:18</dateCreated>
          <changedBy/>
          <dateChanged id="44">2017-04-22 16:15:44</dateChanged>
          <retired>true</retired>
          <dateRetired id="45">2017-04-22 15:52:21</dateRetired>
          <retiredBy/>
          <retireReason>Not used in OpenMRS distribution for Cambodia</retireReason>
          <attributes id="46"/>
          <locationId>8</locationId>
          <parentLocation reference="30"/>
          <childLocations id="47"/>
          <tags id="48">
            <org.openmrs.LocationTag reference="11"/>
          </tags>
        </org.openmrs.Location>
        <org.openmrs.Location reference="25"/>
        <org.openmrs.Location id="49" uuid="bb0e512e-d225-11e4-9c67-080027b662ec">
          <name>Labour Ward</name>
          <description>General Ward</description>
          <creator/>
          <dateCreated id="50">2015-03-24 13:00:22</dateCreated>
          <changedBy/>
          <dateChanged id="51">2017-04-22 16:15:44</dateChanged>
          <retired>true</retired>
          <dateRetired id="52">2017-04-22 15:52:21</dateRetired>
          <retiredBy/>
          <retireReason>Not used in OpenMRS distribution for Cambodia</retireReason>
          <attributes id="53"/>
          <locationId>11</locationId>
          <parentLocation reference="30"/>
          <childLocations id="54">
            <org.openmrs.Location id="55" uuid="bb0eb071-d225-11e4-9c67-080027b662ec">
              <name>Labour Ward - 1</name>
              <description>1st Floor of General Ward</description>
              <creator/>
              <dateCreated id="56">2015-03-24 13:00:22</dateCreated>
              <changedBy/>
              <dateChanged id="57">2017-04-22 16:15:44</dateChanged>
              <retired>true</retired>
              <dateRetired id="58">2017-04-22 15:52:21</dateRetired>
              <retiredBy/>
              <retireReason>Not used in OpenMRS distribution for Cambodia</retireReason>
              <attributes id="59"/>
              <locationId>12</locationId>
              <parentLocation reference="49"/>
              <childLocations id="60"/>
              <tags id="61">
                <org.openmrs.LocationTag reference="14"/>
              </tags>
            </org.openmrs.Location>
          </childLocations>
          <tags id="62">
            <org.openmrs.LocationTag reference="11"/>
            <org.openmrs.LocationTag reference="14"/>
          </tags>
        </org.openmrs.Location>
        <org.openmrs.Location id="63" uuid="c5854fd7-3f12-11e4-adec-0800271c1b75">
          <name>Registration Desk</name>
          <creator/>
          <dateCreated id="64">2014-09-18 09:04:18</dateCreated>
          <changedBy/>
          <dateChanged id="65">2017-04-22 16:15:44</dateChanged>
          <retired>true</retired>
          <dateRetired id="66">2017-04-22 15:52:21</dateRetired>
          <retiredBy/>
          <retireReason>Not used in OpenMRS distribution for Cambodia</retireReason>
          <attributes id="67"/>
          <locationId>7</locationId>
          <parentLocation reference="30"/>
          <childLocations id="68"/>
          <tags id="69">
            <org.openmrs.LocationTag reference="11"/>
          </tags>
        </org.openmrs.Location>
      </childLocations>
      <tags id="70">
        <org.openmrs.LocationTag reference="8"/>
      </tags>
    </parentLocation>
    <childLocations id="71">
      <org.openmrs.Location id="72" uuid="baf83667-d225-11e4-9c67-080027b662ec">
        <name>General Ward Room 1</name>
        <description>1st Floor of General Ward</description>
        <creator/>
        <dateCreated id="73">2015-03-24 13:00:22</dateCreated>
        <changedBy/>
        <dateChanged id="74">2017-04-22 16:15:44</dateChanged>
        <retired>true</retired>
        <dateRetired id="75">2017-04-22 15:52:21</dateRetired>
        <retiredBy/>
        <retireReason>Not used in OpenMRS distribution for Cambodia</retireReason>
        <attributes id="76"/>
        <locationId>10</locationId>
        <parentLocation reference="25"/>
        <childLocations id="77"/>
        <tags id="78">
          <org.openmrs.LocationTag reference="14"/>
        </tags>
      </org.openmrs.Location>
      <org.openmrs.Location id="79" uuid="e48fb2b3-d490-11e5-b193-0800270d80ce">
        <name>General Ward - Room 2</name>
        <creator/>
        <dateCreated id="80">2015-11-02 00:17:24</dateCreated>
        <changedBy/>
        <dateChanged id="81">2017-04-22 16:15:44</dateChanged>
        <retired>true</retired>
        <dateRetired id="82">2017-04-22 15:52:21</dateRetired>
        <retiredBy/>
        <retireReason>Not used in OpenMRS distribution for Cambodia</retireReason>
        <attributes id="83"/>
        <locationId>14</locationId>
        <parentLocation reference="25"/>
        <childLocations id="84"/>
        <tags id="85"/>
      </org.openmrs.Location>
    </childLocations>
    <tags id="86">
      <org.openmrs.LocationTag reference="11"/>
      <org.openmrs.LocationTag reference="14"/>
    </tags>
  </org.openmrs.Location>
  <org.openmrs.Location reference="72"/>
  <org.openmrs.Location reference="49"/>
  <org.openmrs.Location reference="55"/>
  <org.openmrs.Location reference="30"/>
  <org.openmrs.Location id="87" uuid="c1e4950f-3f10-11e4-adec-0800271c1b75">
    <name>Subcenter 2 (SEM)</name>
    <description>Subcenter 2 (SEM)</description>
    <creator/>
    <dateCreated id="88">2014-09-17 18:30:00</dateCreated>
    <changedBy/>
    <dateChanged id="89">2017-04-22 16:15:44</dateChanged>
    <retired>true</retired>
    <dateRetired id="90">2017-04-22 15:52:37</dateRetired>
    <retiredBy/>
    <retireReason>Not used in OpenMRS distribution for Cambodia</retireReason>
    <attributes id="91">
      <org.openmrs.LocationAttribute id="92" uuid="c1e4e4a5-3f10-11e4-adec-0800271c1b75">
        <creator/>
        <dateCreated id="93">2014-09-17 18:30:00</dateCreated>
        <changedBy/>
        <dateChanged id="94">2017-04-22 16:15:44</dateChanged>
        <voided>false</voided>
        <owner class="org.openmrs.Location" reference="87"/>
        <attributeType class="org.openmrs.LocationAttributeType" reference="38"/>
        <valueReference>SEM</valueReference>
        <locationAttributeId>2</locationAttributeId>
      </org.openmrs.LocationAttribute>
    </attributes>
    <locationId>3</locationId>
    <childLocations id="95"/>
    <tags id="96">
      <org.openmrs.LocationTag reference="8"/>
      <org.openmrs.LocationTag reference="11"/>
    </tags>
  </org.openmrs.Location>
  <org.openmrs.Location id="97" uuid="c1ebb8db-3f10-11e4-adec-0800271c1b75">
    <name>Subcenter 3 (SIV)</name>
    <description>Subcenter 3 (SIV)</description>
    <creator/>
    <dateCreated id="98">2014-09-17 18:30:00</dateCreated>
    <changedBy/>
    <dateChanged id="99">2017-04-22 16:15:44</dateChanged>
    <retired>true</retired>
    <dateRetired id="100">2017-04-22 15:52:42</dateRetired>
    <retiredBy/>
    <retireReason>Not used in OpenMRS distribution for Cambodia</retireReason>
    <attributes id="101">
      <org.openmrs.LocationAttribute id="102" uuid="c1f23319-3f10-11e4-adec-0800271c1b75">
        <creator/>
        <dateCreated id="103">2014-09-17 18:30:00</dateCreated>
        <changedBy/>
        <dateChanged id="104">2017-04-22 16:15:44</dateChanged>
        <voided>false</voided>
        <owner class="org.openmrs.Location" reference="97"/>
        <attributeType class="org.openmrs.LocationAttributeType" reference="38"/>
        <valueReference>SIV</valueReference>
        <locationAttributeId>3</locationAttributeId>
      </org.openmrs.LocationAttribute>
    </attributes>
    <locationId>4</locationId>
    <childLocations id="105"/>
    <tags id="106"/>
  </org.openmrs.Location>
  <org.openmrs.Location id="107" uuid="c1f25be5-3f10-11e4-adec-0800271c1b75">
    <name>Subcenter 1 (BAM)</name>
    <description>Subcenter 1 (BAM)</description>
    <creator/>
    <dateCreated id="108">2014-09-17 18:30:00</dateCreated>
    <changedBy/>
    <dateChanged id="109">2017-04-22 16:15:44</dateChanged>
    <retired>true</retired>
    <dateRetired id="110">2017-04-22 15:52:32</dateRetired>
    <retiredBy/>
    <retireReason>Not used in OpenMRS distribution for Cambodia</retireReason>
    <attributes id="111">
      <org.openmrs.LocationAttribute id="112" uuid="c1f2a697-3f10-11e4-adec-0800271c1b75">
        <creator/>
        <dateCreated id="113">2014-09-17 18:30:00</dateCreated>
        <changedBy/>
        <dateChanged id="114">2017-04-22 16:15:44</dateChanged>
        <voided>false</voided>
        <owner class="org.openmrs.Location" reference="107"/>
        <attributeType class="org.openmrs.LocationAttributeType" reference="38"/>
        <valueReference>BAM</valueReference>
        <locationAttributeId>4</locationAttributeId>
      </org.openmrs.LocationAttribute>
    </attributes>
    <locationId>5</locationId>
    <childLocations id="115"/>
    <tags id="116">
      <org.openmrs.LocationTag reference="8"/>
      <org.openmrs.LocationTag reference="11"/>
    </tags>
  </org.openmrs.Location>
  <org.openmrs.Location reference="63"/>
  <org.openmrs.Location reference="42"/>
  <org.openmrs.Location reference="79"/>
</list>
