<?xml version="1.0" encoding="UTF-8"?>
<list id="1">
  <org.openmrs.Location id="2" uuid="1d0d52ce-f171-4be4-b91a-75c537238e89">
    <name>impl.khsachChiRos</name>
    <description>Khsach Chi Ros (KH), Kampong Kou (Stung Sen River)</description>
    <creator/>
    <dateCreated id="3">2017-05-09 19:17:23</dateCreated>
    <changedBy/>
    <dateChanged id="4">2018-03-23 14:34:08</dateChanged>
    <retired>false</retired>
    <attributes id="5"/>
    <locationId>15</locationId>
    <address1>addresshierarchy.kampongKou</address1>
    <cityVillage>addresshierarchy.khsachChiRos</cityVillage>
    <stateProvince>addresshierarchy.kampongThum</stateProvince>
    <country>addresshierarchy.cambodia</country>
    <countyDistrict>addresshierarchy.kampongSvay</countyDistrict>
    <childLocations id="6"/>
    <tags id="7">
      <org.openmrs.LocationTag id="8" uuid="475d8fa3-5572-11e6-8be9-0800270d80ce">
        <name>Visit Location</name>
        <description>Visit Location</description>
        <creator/>
        <dateCreated id="9">2016-07-29 09:53:19</dateCreated>
        <changedBy/>
        <dateChanged id="10">2018-03-23 13:50:01</dateChanged>
        <retired>false</retired>
        <locationTagId>3</locationTagId>
      </org.openmrs.LocationTag>
      <org.openmrs.LocationTag id="11" uuid="b8bbf83e-645f-451f-8efe-a0db56f09676">
        <name>Login Location</name>
        <description>When a user logs in and chooses a session location, they may only choose one with this tag</description>
        <creator/>
        <dateCreated id="12">2014-09-18 08:58:23</dateCreated>
        <changedBy/>
        <dateChanged id="13">2018-03-23 13:50:01</dateChanged>
        <retired>false</retired>
        <locationTagId>1</locationTagId>
      </org.openmrs.LocationTag>
    </tags>
  </org.openmrs.Location>
  <org.openmrs.Location id="14" uuid="265e0732-aa46-4993-bf8b-c85bed90a70d">
    <name>impl.balat</name>
    <description>Ba Lat (BL), Peam Bang</description>
    <creator/>
    <dateCreated id="15">2018-03-23 14:18:23</dateCreated>
    <changedBy/>
    <dateChanged id="16">2018-03-23 14:34:08</dateChanged>
    <retired>false</retired>
    <attributes id="17"/>
    <locationId>20</locationId>
    <address1>addresshierarchy.peamBang</address1>
    <cityVillage>addresshierarchy.baLat</cityVillage>
    <stateProvince>addresshierarchy.kampongThum</stateProvince>
    <country>addresshierarchy.cambodia</country>
    <countyDistrict>addresshierarchy.stoung</countyDistrict>
    <childLocations id="18"/>
    <tags id="19">
      <org.openmrs.LocationTag reference="8"/>
      <org.openmrs.LocationTag reference="11"/>
    </tags>
  </org.openmrs.Location>
  <org.openmrs.Location id="20" uuid="51d28b1b-244d-4c5f-9938-f88adb229561">
    <name>impl.dounSdaeng</name>
    <description>Doun Sdaeng (DS), Peam Bang</description>
    <creator/>
    <dateCreated id="21">2018-03-23 14:17:21</dateCreated>
    <changedBy/>
    <dateChanged id="22">2018-03-23 14:34:08</dateChanged>
    <retired>false</retired>
    <attributes id="23"/>
    <locationId>18</locationId>
    <address1>addresshierarchy.peamBang</address1>
    <cityVillage>addresshierarchy.dounSdaeng</cityVillage>
    <stateProvince>addresshierarchy.kampongThum</stateProvince>
    <country>addresshierarchy.cambodia</country>
    <countyDistrict>addresshierarchy.stoung</countyDistrict>
    <childLocations id="24"/>
    <tags id="25">
      <org.openmrs.LocationTag reference="8"/>
      <org.openmrs.LocationTag reference="11"/>
    </tags>
  </org.openmrs.Location>
  <org.openmrs.Location id="26" uuid="6076eb38-4a82-4990-a036-d2c32615d980">
    <name>impl.moatKhla</name>
    <description>Moat Khla (MK), Anlong Samnar</description>
    <creator/>
    <dateCreated id="27">2018-03-23 14:14:47</dateCreated>
    <changedBy/>
    <dateChanged id="28">2018-03-23 14:34:08</dateChanged>
    <retired>false</retired>
    <attributes id="29"/>
    <locationId>16</locationId>
    <address1>addresshierarchy.anlongSamnar</address1>
    <cityVillage>addresshierarchy.moatKhla</cityVillage>
    <stateProvince>addresshierarchy.siemReab</stateProvince>
    <country>addresshierarchy.cambodia</country>
    <countyDistrict>addresshierarchy.chiKraeng</countyDistrict>
    <childLocations id="30"/>
    <tags id="31">
      <org.openmrs.LocationTag reference="8"/>
      <org.openmrs.LocationTag reference="11"/>
    </tags>
  </org.openmrs.Location>
  <org.openmrs.Location id="32" uuid="6e91497c-5f68-451f-b5c1-d37a31235d43">
    <name>impl.stuengChrov</name>
    <description>Stueng Chrov (SC), Anlong Samnar</description>
    <creator/>
    <dateCreated id="33">2018-03-23 14:19:11</dateCreated>
    <changedBy/>
    <dateChanged id="34">2018-03-23 14:34:08</dateChanged>
    <retired>false</retired>
    <attributes id="35"/>
    <locationId>21</locationId>
    <address1>addresshierarchy.anlongSamnar</address1>
    <cityVillage>addresshierarchy.stuengChrov</cityVillage>
    <stateProvince>addresshierarchy.siemReab</stateProvince>
    <country>addresshierarchy.cambodia</country>
    <countyDistrict>addresshierarchy.chiKraeng</countyDistrict>
    <childLocations id="36"/>
    <tags id="37">
      <org.openmrs.LocationTag reference="8"/>
      <org.openmrs.LocationTag reference="11"/>
    </tags>
  </org.openmrs.Location>
  <org.openmrs.Location id="38" uuid="8d6c993e-c2cc-11de-8d13-0010c6dffd0f">
    <name>Unknown Location</name>
    <creator/>
    <dateCreated id="39">2005-09-21 17:00:00</dateCreated>
    <changedBy/>
    <dateChanged id="40">2018-03-23 13:50:01</dateChanged>
    <retired>true</retired>
    <dateRetired id="41">2017-05-09 19:17:56</dateRetired>
    <retiredBy/>
    <retireReason>Not used in OpenMRS distribution for Cambodia</retireReason>
    <attributes id="42"/>
    <locationId>1</locationId>
    <childLocations id="43"/>
    <tags id="44"/>
  </org.openmrs.Location>
  <org.openmrs.Location id="45" uuid="a14a55b4-f042-4f84-9ebc-0101c450f0c7">
    <name>impl.pechakrei</name>
    <description>Pechakrei (PC), Peam Bang</description>
    <creator/>
    <dateCreated id="46">2018-03-23 14:16:10</dateCreated>
    <changedBy/>
    <dateChanged id="47">2018-03-23 14:34:08</dateChanged>
    <retired>false</retired>
    <attributes id="48"/>
    <locationId>17</locationId>
    <address1>addresshierarchy.peamBang</address1>
    <cityVillage>addresshierarchy.pechakrei</cityVillage>
    <stateProvince>addresshierarchy.kampongThum</stateProvince>
    <country>addresshierarchy.cambodia</country>
    <countyDistrict>addresshierarchy.stoung</countyDistrict>
    <childLocations id="49"/>
    <tags id="50">
      <org.openmrs.LocationTag reference="8"/>
      <org.openmrs.LocationTag reference="11"/>
    </tags>
  </org.openmrs.Location>
  <org.openmrs.Location id="51" uuid="ac29ca41-16cc-4471-87b4-5d74dacbafda">
    <name>impl.peamBang</name>
    <description>Peam Bang (PB), Peam Bang</description>
    <creator/>
    <dateCreated id="52">2018-03-23 14:17:57</dateCreated>
    <changedBy/>
    <dateChanged id="53">2018-03-23 14:34:08</dateChanged>
    <retired>false</retired>
    <attributes id="54"/>
    <locationId>19</locationId>
    <address1>addresshierarchy.peamBang</address1>
    <cityVillage>addresshierarchy.peamBang</cityVillage>
    <stateProvince>addresshierarchy.kampongThum</stateProvince>
    <country>addresshierarchy.cambodia</country>
    <countyDistrict>addresshierarchy.stoung</countyDistrict>
    <childLocations id="55"/>
    <tags id="56">
      <org.openmrs.LocationTag reference="8"/>
      <org.openmrs.LocationTag reference="11"/>
    </tags>
  </org.openmrs.Location>
  <org.openmrs.Location id="57" uuid="b55b882d-24c7-4c54-945c-ac83e714ccf3">
    <name>impl.kampenhTralach</name>
    <description>Kampenh Tralach (KT), Peam Bang</description>
    <creator/>
    <dateCreated id="58">2018-03-23 14:19:49</dateCreated>
    <changedBy/>
    <dateChanged id="59">2018-03-23 14:34:08</dateChanged>
    <retired>false</retired>
    <attributes id="60"/>
    <locationId>22</locationId>
    <address1>addresshierarchy.peamBang</address1>
    <cityVillage>addresshierarchy.kampenhTralach</cityVillage>
    <stateProvince>addresshierarchy.kampongThum</stateProvince>
    <country>addresshierarchy.cambodia</country>
    <countyDistrict>addresshierarchy.stoung</countyDistrict>
    <childLocations id="61"/>
    <tags id="62">
      <org.openmrs.LocationTag reference="8"/>
      <org.openmrs.LocationTag reference="11"/>
    </tags>
  </org.openmrs.Location>
  <org.openmrs.Location id="63" uuid="baf7bd38-d225-11e4-9c67-080027b662ec">
    <name>General Ward</name>
    <description>General Ward</description>
    <creator/>
    <dateCreated id="64">2015-03-24 11:30:22</dateCreated>
    <changedBy/>
    <dateChanged id="65">2018-03-23 13:50:01</dateChanged>
    <retired>true</retired>
    <dateRetired id="66">2017-05-09 19:17:38</dateRetired>
    <retiredBy/>
    <retireReason>Not used in OpenMRS distribution for Cambodia</retireReason>
    <attributes id="67"/>
    <locationId>9</locationId>
    <parentLocation id="68" resolves-to="org.openmrs.Location" uuid="c1e42932-3f10-11e4-adec-0800271c1b75">
      <name>Ganiyari</name>
      <description>Ganiyari hospital</description>
      <creator/>
      <dateCreated id="69">2014-09-17 17:00:00</dateCreated>
      <changedBy/>
      <dateChanged id="70">2018-03-23 13:50:01</dateChanged>
      <retired>true</retired>
      <dateRetired id="71">2017-05-09 19:17:38</dateRetired>
      <retiredBy/>
      <retireReason>Not used in OpenMRS distribution for Cambodia</retireReason>
      <attributes id="72">
        <org.openmrs.LocationAttribute id="73" uuid="c1e46f27-3f10-11e4-adec-0800271c1b75">
          <creator/>
          <dateCreated id="74">2014-09-17 17:00:00</dateCreated>
          <changedBy/>
          <dateChanged id="75">2018-03-23 13:50:01</dateChanged>
          <voided>false</voided>
          <owner class="org.openmrs.Location" reference="68"/>
          <attributeType class="org.openmrs.LocationAttributeType" id="76" uuid="c1e403a0-3f10-11e4-adec-0800271c1b75">
            <name>IdentifierSourceName</name>
            <description>Identifier source name of the source that needs to be used for patients coming from this location</description>
            <creator/>
            <dateCreated id="77">2014-09-17 17:00:00</dateCreated>
            <changedBy/>
            <dateChanged id="78">2018-03-23 13:50:01</dateChanged>
            <retired>false</retired>
            <minOccurs>0</minOccurs>
            <maxOccurs>1</maxOccurs>
            <datatypeClassname>org.openmrs.customdatatype.datatype.FreeTextDatatype</datatypeClassname>
            <locationAttributeTypeId>1</locationAttributeTypeId>
          </attributeType>
          <valueReference>GAN</valueReference>
          <locationAttributeId>1</locationAttributeId>
        </org.openmrs.LocationAttribute>
      </attributes>
      <locationId>2</locationId>
      <childLocations id="79">
        <org.openmrs.Location id="80" uuid="c58e12ed-3f12-11e4-adec-0800271c1b75">
          <name>OPD-1</name>
          <creator/>
          <dateCreated id="81">2014-09-18 07:34:18</dateCreated>
          <changedBy/>
          <dateChanged id="82">2018-03-23 13:50:01</dateChanged>
          <retired>true</retired>
          <dateRetired id="83">2017-05-09 19:17:38</dateRetired>
          <retiredBy/>
          <retireReason>Not used in OpenMRS distribution for Cambodia</retireReason>
          <attributes id="84"/>
          <locationId>8</locationId>
          <parentLocation reference="68"/>
          <childLocations id="85"/>
          <tags id="86">
            <org.openmrs.LocationTag reference="11"/>
          </tags>
        </org.openmrs.Location>
        <org.openmrs.Location reference="63"/>
        <org.openmrs.Location id="87" uuid="bb0e512e-d225-11e4-9c67-080027b662ec">
          <name>Labour Ward</name>
          <description>General Ward</description>
          <creator/>
          <dateCreated id="88">2015-03-24 11:30:22</dateCreated>
          <changedBy/>
          <dateChanged id="89">2018-03-23 13:50:01</dateChanged>
          <retired>true</retired>
          <dateRetired id="90">2017-05-09 19:17:38</dateRetired>
          <retiredBy/>
          <retireReason>Not used in OpenMRS distribution for Cambodia</retireReason>
          <attributes id="91"/>
          <locationId>11</locationId>
          <parentLocation reference="68"/>
          <childLocations id="92">
            <org.openmrs.Location id="93" uuid="bb0eb071-d225-11e4-9c67-080027b662ec">
              <name>Labour Ward - 1</name>
              <description>1st Floor of General Ward</description>
              <creator/>
              <dateCreated id="94">2015-03-24 11:30:22</dateCreated>
              <changedBy/>
              <dateChanged id="95">2018-03-23 13:50:01</dateChanged>
              <retired>true</retired>
              <dateRetired id="96">2017-05-09 19:17:38</dateRetired>
              <retiredBy/>
              <retireReason>Not used in OpenMRS distribution for Cambodia</retireReason>
              <attributes id="97"/>
              <locationId>12</locationId>
              <parentLocation reference="87"/>
              <childLocations id="98"/>
              <tags id="99">
                <org.openmrs.LocationTag id="100" uuid="a675e840-d225-11e4-9c67-080027b662ec">
                  <name>Admission Location</name>
                  <description>General Ward Patients</description>
                  <creator/>
                  <dateCreated id="101">2015-03-24 12:59:47</dateCreated>
                  <changedBy/>
                  <dateChanged id="102">2018-03-23 13:50:01</dateChanged>
                  <retired>true</retired>
                  <dateRetired id="103">2017-04-22 15:58:57</dateRetired>
                  <retiredBy/>
                  <retireReason>Not used in OpenMRS distribution for Cambodia</retireReason>
                  <locationTagId>2</locationTagId>
                </org.openmrs.LocationTag>
              </tags>
            </org.openmrs.Location>
          </childLocations>
          <tags id="104">
            <org.openmrs.LocationTag reference="11"/>
            <org.openmrs.LocationTag reference="100"/>
          </tags>
        </org.openmrs.Location>
        <org.openmrs.Location id="105" uuid="c5854fd7-3f12-11e4-adec-0800271c1b75">
          <name>Registration Desk</name>
          <creator/>
          <dateCreated id="106">2014-09-18 07:34:18</dateCreated>
          <changedBy/>
          <dateChanged id="107">2018-03-23 13:50:01</dateChanged>
          <retired>true</retired>
          <dateRetired id="108">2017-05-09 19:17:38</dateRetired>
          <retiredBy/>
          <retireReason>Not used in OpenMRS distribution for Cambodia</retireReason>
          <attributes id="109"/>
          <locationId>7</locationId>
          <parentLocation reference="68"/>
          <childLocations id="110"/>
          <tags id="111">
            <org.openmrs.LocationTag reference="11"/>
          </tags>
        </org.openmrs.Location>
      </childLocations>
      <tags id="112">
        <org.openmrs.LocationTag reference="8"/>
      </tags>
    </parentLocation>
    <childLocations id="113">
      <org.openmrs.Location id="114" uuid="baf83667-d225-11e4-9c67-080027b662ec">
        <name>General Ward Room 1</name>
        <description>1st Floor of General Ward</description>
        <creator/>
        <dateCreated id="115">2015-03-24 11:30:22</dateCreated>
        <changedBy/>
        <dateChanged id="116">2018-03-23 13:50:01</dateChanged>
        <retired>true</retired>
        <dateRetired id="117">2017-05-09 19:17:38</dateRetired>
        <retiredBy/>
        <retireReason>Not used in OpenMRS distribution for Cambodia</retireReason>
        <attributes id="118"/>
        <locationId>10</locationId>
        <parentLocation reference="63"/>
        <childLocations id="119"/>
        <tags id="120">
          <org.openmrs.LocationTag reference="100"/>
        </tags>
      </org.openmrs.Location>
      <org.openmrs.Location id="121" uuid="e48fb2b3-d490-11e5-b193-0800270d80ce">
        <name>General Ward - Room 2</name>
        <creator/>
        <dateCreated id="122">2015-11-01 22:47:24</dateCreated>
        <changedBy/>
        <dateChanged id="123">2018-03-23 13:50:01</dateChanged>
        <retired>true</retired>
        <dateRetired id="124">2017-05-09 19:17:38</dateRetired>
        <retiredBy/>
        <retireReason>Not used in OpenMRS distribution for Cambodia</retireReason>
        <attributes id="125"/>
        <locationId>14</locationId>
        <parentLocation reference="63"/>
        <childLocations id="126"/>
        <tags id="127"/>
      </org.openmrs.Location>
    </childLocations>
    <tags id="128">
      <org.openmrs.LocationTag reference="11"/>
      <org.openmrs.LocationTag reference="100"/>
    </tags>
  </org.openmrs.Location>
  <org.openmrs.Location reference="114"/>
  <org.openmrs.Location reference="87"/>
  <org.openmrs.Location reference="93"/>
  <org.openmrs.Location reference="68"/>
  <org.openmrs.Location id="129" uuid="c1e4950f-3f10-11e4-adec-0800271c1b75">
    <name>Subcenter 2 (SEM)</name>
    <description>Subcenter 2 (SEM)</description>
    <creator/>
    <dateCreated id="130">2014-09-17 17:00:00</dateCreated>
    <changedBy/>
    <dateChanged id="131">2018-03-23 13:50:01</dateChanged>
    <retired>true</retired>
    <dateRetired id="132">2017-05-09 19:17:50</dateRetired>
    <retiredBy/>
    <retireReason>Not used in OpenMRS distribution for Cambodia</retireReason>
    <attributes id="133">
      <org.openmrs.LocationAttribute id="134" uuid="c1e4e4a5-3f10-11e4-adec-0800271c1b75">
        <creator/>
        <dateCreated id="135">2014-09-17 17:00:00</dateCreated>
        <changedBy/>
        <dateChanged id="136">2018-03-23 13:50:01</dateChanged>
        <voided>false</voided>
        <owner class="org.openmrs.Location" reference="129"/>
        <attributeType class="org.openmrs.LocationAttributeType" reference="76"/>
        <valueReference>SEM</valueReference>
        <locationAttributeId>2</locationAttributeId>
      </org.openmrs.LocationAttribute>
    </attributes>
    <locationId>3</locationId>
    <childLocations id="137"/>
    <tags id="138">
      <org.openmrs.LocationTag reference="8"/>
      <org.openmrs.LocationTag reference="11"/>
    </tags>
  </org.openmrs.Location>
  <org.openmrs.Location id="139" uuid="c1ebb8db-3f10-11e4-adec-0800271c1b75">
    <name>Subcenter 3 (SIV)</name>
    <description>Subcenter 3 (SIV)</description>
    <creator/>
    <dateCreated id="140">2014-09-17 17:00:00</dateCreated>
    <changedBy/>
    <dateChanged id="141">2018-03-23 13:50:01</dateChanged>
    <retired>true</retired>
    <dateRetired id="142">2017-05-09 19:17:53</dateRetired>
    <retiredBy/>
    <retireReason>Not used in OpenMRS distribution for Cambodia</retireReason>
    <attributes id="143">
      <org.openmrs.LocationAttribute id="144" uuid="c1f23319-3f10-11e4-adec-0800271c1b75">
        <creator/>
        <dateCreated id="145">2014-09-17 17:00:00</dateCreated>
        <changedBy/>
        <dateChanged id="146">2018-03-23 13:50:01</dateChanged>
        <voided>false</voided>
        <owner class="org.openmrs.Location" reference="139"/>
        <attributeType class="org.openmrs.LocationAttributeType" reference="76"/>
        <valueReference>SIV</valueReference>
        <locationAttributeId>3</locationAttributeId>
      </org.openmrs.LocationAttribute>
    </attributes>
    <locationId>4</locationId>
    <childLocations id="147"/>
    <tags id="148"/>
  </org.openmrs.Location>
  <org.openmrs.Location id="149" uuid="c1f25be5-3f10-11e4-adec-0800271c1b75">
    <name>Subcenter 1 (BAM)</name>
    <description>Subcenter 1 (BAM)</description>
    <creator/>
    <dateCreated id="150">2014-09-17 17:00:00</dateCreated>
    <changedBy/>
    <dateChanged id="151">2018-03-23 13:50:01</dateChanged>
    <retired>true</retired>
    <dateRetired id="152">2017-05-09 19:17:46</dateRetired>
    <retiredBy/>
    <retireReason>Not used in OpenMRS distribution for Cambodia</retireReason>
    <attributes id="153">
      <org.openmrs.LocationAttribute id="154" uuid="c1f2a697-3f10-11e4-adec-0800271c1b75">
        <creator/>
        <dateCreated id="155">2014-09-17 17:00:00</dateCreated>
        <changedBy/>
        <dateChanged id="156">2018-03-23 13:50:01</dateChanged>
        <voided>false</voided>
        <owner class="org.openmrs.Location" reference="149"/>
        <attributeType class="org.openmrs.LocationAttributeType" reference="76"/>
        <valueReference>BAM</valueReference>
        <locationAttributeId>4</locationAttributeId>
      </org.openmrs.LocationAttribute>
    </attributes>
    <locationId>5</locationId>
    <childLocations id="157"/>
    <tags id="158">
      <org.openmrs.LocationTag reference="8"/>
      <org.openmrs.LocationTag reference="11"/>
    </tags>
  </org.openmrs.Location>
  <org.openmrs.Location reference="105"/>
  <org.openmrs.Location reference="80"/>
  <org.openmrs.Location reference="121"/>
</list>
