<?xml version="1.0" encoding="UTF-8"?>
<list id="1">
  <org.openmrs.Location id="2" uuid="1d0d52ce-f171-4be4-b91a-75c537238e89">
    <name>impl.healthCenter</name>
    <description>impl.healthCenter.desc</description>
    <creator/>
    <dateCreated id="3">2017-05-09 19:17:23</dateCreated>
    <changedBy/>
    <dateChanged id="4">2017-05-09 19:18:50</dateChanged>
    <retired>false</retired>
    <attributes id="5"/>
    <locationId>15</locationId>
    <country>addresshierarchy.cambodia</country>
    <childLocations id="6"/>
    <tags id="7">
      <org.openmrs.LocationTag id="8" uuid="475d8fa3-5572-11e6-8be9-0800270d80ce">
        <name>Visit Location</name>
        <description>Visit Location</description>
        <creator/>
        <dateCreated id="9">2016-07-29 09:53:19</dateCreated>
        <changedBy/>
        <dateChanged id="10">2017-05-09 19:16:26</dateChanged>
        <retired>false</retired>
        <locationTagId>3</locationTagId>
      </org.openmrs.LocationTag>
      <org.openmrs.LocationTag id="11" uuid="b8bbf83e-645f-451f-8efe-a0db56f09676">
        <name>Login Location</name>
        <description>When a user logs in and chooses a session location, they may only choose one with this tag</description>
        <creator/>
        <dateCreated id="12">2014-09-18 08:58:23</dateCreated>
        <changedBy/>
        <dateChanged id="13">2017-05-09 19:16:26</dateChanged>
        <retired>false</retired>
        <locationTagId>1</locationTagId>
      </org.openmrs.LocationTag>
    </tags>
  </org.openmrs.Location>
  <org.openmrs.Location id="14" uuid="8d6c993e-c2cc-11de-8d13-0010c6dffd0f">
    <name>Unknown Location</name>
    <creator/>
    <dateCreated id="15">2005-09-21 17:00:00</dateCreated>
    <changedBy/>
    <dateChanged id="16">2017-05-09 19:17:56</dateChanged>
    <retired>true</retired>
    <dateRetired id="17">2017-05-09 19:17:56</dateRetired>
    <retiredBy/>
    <retireReason>Not used in OpenMRS distribution for Cambodia</retireReason>
    <attributes id="18"/>
    <locationId>1</locationId>
    <childLocations id="19"/>
    <tags id="20"/>
  </org.openmrs.Location>
  <org.openmrs.Location id="21" uuid="baf7bd38-d225-11e4-9c67-080027b662ec">
    <name>General Ward</name>
    <description>General Ward</description>
    <creator/>
    <dateCreated id="22">2015-03-24 11:30:22</dateCreated>
    <changedBy/>
    <dateChanged id="23">2017-05-09 19:17:38</dateChanged>
    <retired>true</retired>
    <dateRetired id="24">2017-05-09 19:17:38</dateRetired>
    <retiredBy/>
    <retireReason>Not used in OpenMRS distribution for Cambodia</retireReason>
    <attributes id="25"/>
    <locationId>9</locationId>
    <parentLocation id="26" resolves-to="org.openmrs.Location" uuid="c1e42932-3f10-11e4-adec-0800271c1b75">
      <name>Ganiyari</name>
      <description>Ganiyari hospital</description>
      <creator/>
      <dateCreated id="27">2014-09-17 17:00:00</dateCreated>
      <changedBy/>
      <dateChanged id="28">2017-05-09 19:17:38</dateChanged>
      <retired>true</retired>
      <dateRetired id="29">2017-05-09 19:17:38</dateRetired>
      <retiredBy/>
      <retireReason>Not used in OpenMRS distribution for Cambodia</retireReason>
      <attributes id="30">
        <org.openmrs.LocationAttribute id="31" uuid="c1e46f27-3f10-11e4-adec-0800271c1b75">
          <creator/>
          <dateCreated id="32">2014-09-17 17:00:00</dateCreated>
          <voided>false</voided>
          <owner class="org.openmrs.Location" reference="26"/>
          <attributeType class="org.openmrs.LocationAttributeType" id="33" uuid="c1e403a0-3f10-11e4-adec-0800271c1b75">
            <name>IdentifierSourceName</name>
            <description>Identifier source name of the source that needs to be used for patients coming from this location</description>
            <creator/>
            <dateCreated id="34">2014-09-17 17:00:00</dateCreated>
            <retired>false</retired>
            <minOccurs>0</minOccurs>
            <maxOccurs>1</maxOccurs>
            <datatypeClassname>org.openmrs.customdatatype.datatype.FreeTextDatatype</datatypeClassname>
            <locationAttributeTypeId>1</locationAttributeTypeId>
          </attributeType>
          <valueReference>GAN</valueReference>
          <locationAttributeId>1</locationAttributeId>
        </org.openmrs.LocationAttribute>
      </attributes>
      <locationId>2</locationId>
      <childLocations id="35">
        <org.openmrs.Location id="36" uuid="c58e12ed-3f12-11e4-adec-0800271c1b75">
          <name>OPD-1</name>
          <creator/>
          <dateCreated id="37">2014-09-18 07:34:18</dateCreated>
          <changedBy/>
          <dateChanged id="38">2017-05-09 19:17:38</dateChanged>
          <retired>true</retired>
          <dateRetired id="39">2017-05-09 19:17:38</dateRetired>
          <retiredBy/>
          <retireReason>Not used in OpenMRS distribution for Cambodia</retireReason>
          <attributes id="40"/>
          <locationId>8</locationId>
          <parentLocation reference="26"/>
          <childLocations id="41"/>
          <tags id="42">
            <org.openmrs.LocationTag reference="11"/>
          </tags>
        </org.openmrs.Location>
        <org.openmrs.Location reference="21"/>
        <org.openmrs.Location id="43" uuid="bb0e512e-d225-11e4-9c67-080027b662ec">
          <name>Labour Ward</name>
          <description>General Ward</description>
          <creator/>
          <dateCreated id="44">2015-03-24 11:30:22</dateCreated>
          <changedBy/>
          <dateChanged id="45">2017-05-09 19:17:38</dateChanged>
          <retired>true</retired>
          <dateRetired id="46">2017-05-09 19:17:38</dateRetired>
          <retiredBy/>
          <retireReason>Not used in OpenMRS distribution for Cambodia</retireReason>
          <attributes id="47"/>
          <locationId>11</locationId>
          <parentLocation reference="26"/>
          <childLocations id="48">
            <org.openmrs.Location id="49" uuid="bb0eb071-d225-11e4-9c67-080027b662ec">
              <name>Labour Ward - 1</name>
              <description>1st Floor of General Ward</description>
              <creator/>
              <dateCreated id="50">2015-03-24 11:30:22</dateCreated>
              <changedBy/>
              <dateChanged id="51">2017-05-09 19:17:38</dateChanged>
              <retired>true</retired>
              <dateRetired id="52">2017-05-09 19:17:38</dateRetired>
              <retiredBy/>
              <retireReason>Not used in OpenMRS distribution for Cambodia</retireReason>
              <attributes id="53"/>
              <locationId>12</locationId>
              <parentLocation reference="43"/>
              <childLocations id="54"/>
              <tags id="55">
                <org.openmrs.LocationTag id="56" uuid="a675e840-d225-11e4-9c67-080027b662ec">
                  <name>Admission Location</name>
                  <description>General Ward Patients</description>
                  <creator/>
                  <dateCreated id="57">2015-03-24 12:59:47</dateCreated>
                  <changedBy/>
                  <dateChanged id="58">2017-05-09 19:16:26</dateChanged>
                  <retired>true</retired>
                  <dateRetired id="59">2017-04-22 15:58:57</dateRetired>
                  <retiredBy/>
                  <retireReason>Not used in OpenMRS distribution for Cambodia</retireReason>
                  <locationTagId>2</locationTagId>
                </org.openmrs.LocationTag>
              </tags>
            </org.openmrs.Location>
          </childLocations>
          <tags id="60">
            <org.openmrs.LocationTag reference="11"/>
            <org.openmrs.LocationTag reference="56"/>
          </tags>
        </org.openmrs.Location>
        <org.openmrs.Location id="61" uuid="c5854fd7-3f12-11e4-adec-0800271c1b75">
          <name>Registration Desk</name>
          <creator/>
          <dateCreated id="62">2014-09-18 07:34:18</dateCreated>
          <changedBy/>
          <dateChanged id="63">2017-05-09 19:17:38</dateChanged>
          <retired>true</retired>
          <dateRetired id="64">2017-05-09 19:17:38</dateRetired>
          <retiredBy/>
          <retireReason>Not used in OpenMRS distribution for Cambodia</retireReason>
          <attributes id="65"/>
          <locationId>7</locationId>
          <parentLocation reference="26"/>
          <childLocations id="66"/>
          <tags id="67">
            <org.openmrs.LocationTag reference="11"/>
          </tags>
        </org.openmrs.Location>
      </childLocations>
      <tags id="68">
        <org.openmrs.LocationTag reference="8"/>
      </tags>
    </parentLocation>
    <childLocations id="69">
      <org.openmrs.Location id="70" uuid="baf83667-d225-11e4-9c67-080027b662ec">
        <name>General Ward Room 1</name>
        <description>1st Floor of General Ward</description>
        <creator/>
        <dateCreated id="71">2015-03-24 11:30:22</dateCreated>
        <changedBy/>
        <dateChanged id="72">2017-05-09 19:17:38</dateChanged>
        <retired>true</retired>
        <dateRetired id="73">2017-05-09 19:17:38</dateRetired>
        <retiredBy/>
        <retireReason>Not used in OpenMRS distribution for Cambodia</retireReason>
        <attributes id="74"/>
        <locationId>10</locationId>
        <parentLocation reference="21"/>
        <childLocations id="75"/>
        <tags id="76">
          <org.openmrs.LocationTag reference="56"/>
        </tags>
      </org.openmrs.Location>
      <org.openmrs.Location id="77" uuid="e48fb2b3-d490-11e5-b193-0800270d80ce">
        <name>General Ward - Room 2</name>
        <creator/>
        <dateCreated id="78">2015-11-01 22:47:24</dateCreated>
        <changedBy/>
        <dateChanged id="79">2017-05-09 19:17:38</dateChanged>
        <retired>true</retired>
        <dateRetired id="80">2017-05-09 19:17:38</dateRetired>
        <retiredBy/>
        <retireReason>Not used in OpenMRS distribution for Cambodia</retireReason>
        <attributes id="81"/>
        <locationId>14</locationId>
        <parentLocation reference="21"/>
        <childLocations id="82"/>
        <tags id="83"/>
      </org.openmrs.Location>
    </childLocations>
    <tags id="84">
      <org.openmrs.LocationTag reference="11"/>
      <org.openmrs.LocationTag reference="56"/>
    </tags>
  </org.openmrs.Location>
  <org.openmrs.Location reference="70"/>
  <org.openmrs.Location reference="43"/>
  <org.openmrs.Location reference="49"/>
  <org.openmrs.Location reference="26"/>
  <org.openmrs.Location id="85" uuid="c1e4950f-3f10-11e4-adec-0800271c1b75">
    <name>Subcenter 2 (SEM)</name>
    <description>Subcenter 2 (SEM)</description>
    <creator/>
    <dateCreated id="86">2014-09-17 17:00:00</dateCreated>
    <changedBy/>
    <dateChanged id="87">2017-05-09 19:17:50</dateChanged>
    <retired>true</retired>
    <dateRetired id="88">2017-05-09 19:17:50</dateRetired>
    <retiredBy/>
    <retireReason>Not used in OpenMRS distribution for Cambodia</retireReason>
    <attributes id="89">
      <org.openmrs.LocationAttribute id="90" uuid="c1e4e4a5-3f10-11e4-adec-0800271c1b75">
        <creator/>
        <dateCreated id="91">2014-09-17 17:00:00</dateCreated>
        <voided>false</voided>
        <owner class="org.openmrs.Location" reference="85"/>
        <attributeType class="org.openmrs.LocationAttributeType" reference="33"/>
        <valueReference>SEM</valueReference>
        <locationAttributeId>2</locationAttributeId>
      </org.openmrs.LocationAttribute>
    </attributes>
    <locationId>3</locationId>
    <childLocations id="92"/>
    <tags id="93">
      <org.openmrs.LocationTag reference="8"/>
      <org.openmrs.LocationTag reference="11"/>
    </tags>
  </org.openmrs.Location>
  <org.openmrs.Location id="94" uuid="c1ebb8db-3f10-11e4-adec-0800271c1b75">
    <name>Subcenter 3 (SIV)</name>
    <description>Subcenter 3 (SIV)</description>
    <creator/>
    <dateCreated id="95">2014-09-17 17:00:00</dateCreated>
    <changedBy/>
    <dateChanged id="96">2017-05-09 19:17:53</dateChanged>
    <retired>true</retired>
    <dateRetired id="97">2017-05-09 19:17:53</dateRetired>
    <retiredBy/>
    <retireReason>Not used in OpenMRS distribution for Cambodia</retireReason>
    <attributes id="98">
      <org.openmrs.LocationAttribute id="99" uuid="c1f23319-3f10-11e4-adec-0800271c1b75">
        <creator/>
        <dateCreated id="100">2014-09-17 17:00:00</dateCreated>
        <voided>false</voided>
        <owner class="org.openmrs.Location" reference="94"/>
        <attributeType class="org.openmrs.LocationAttributeType" reference="33"/>
        <valueReference>SIV</valueReference>
        <locationAttributeId>3</locationAttributeId>
      </org.openmrs.LocationAttribute>
    </attributes>
    <locationId>4</locationId>
    <childLocations id="101"/>
    <tags id="102"/>
  </org.openmrs.Location>
  <org.openmrs.Location id="103" uuid="c1f25be5-3f10-11e4-adec-0800271c1b75">
    <name>Subcenter 1 (BAM)</name>
    <description>Subcenter 1 (BAM)</description>
    <creator/>
    <dateCreated id="104">2014-09-17 17:00:00</dateCreated>
    <changedBy/>
    <dateChanged id="105">2017-05-09 19:17:46</dateChanged>
    <retired>true</retired>
    <dateRetired id="106">2017-05-09 19:17:46</dateRetired>
    <retiredBy/>
    <retireReason>Not used in OpenMRS distribution for Cambodia</retireReason>
    <attributes id="107">
      <org.openmrs.LocationAttribute id="108" uuid="c1f2a697-3f10-11e4-adec-0800271c1b75">
        <creator/>
        <dateCreated id="109">2014-09-17 17:00:00</dateCreated>
        <voided>false</voided>
        <owner class="org.openmrs.Location" reference="103"/>
        <attributeType class="org.openmrs.LocationAttributeType" reference="33"/>
        <valueReference>BAM</valueReference>
        <locationAttributeId>4</locationAttributeId>
      </org.openmrs.LocationAttribute>
    </attributes>
    <locationId>5</locationId>
    <childLocations id="110"/>
    <tags id="111">
      <org.openmrs.LocationTag reference="8"/>
      <org.openmrs.LocationTag reference="11"/>
    </tags>
  </org.openmrs.Location>
  <org.openmrs.Location reference="61"/>
  <org.openmrs.Location reference="36"/>
  <org.openmrs.Location reference="77"/>
</list>
