<?xml version="1.0" encoding="UTF-8"?>
<list id="1">
  <org.openmrs.VisitType id="2" uuid="b9cb32c9-3f12-11e4-adec-0800271c1b75">
    <name>PHARMACY VISIT</name>
    <description>Visit for syncing sale orders from pharmacy</description>
    <creator/>
    <dateCreated id="3">2014-09-17 17:00:00</dateCreated>
    <changedBy/>
    <dateChanged id="4">2017-05-09 19:58:36</dateChanged>
    <retired>true</retired>
    <dateRetired id="5">2017-05-09 19:58:36</dateRetired>
    <retiredBy/>
    <retireReason>Not used in OpenMRS distribution for Cambodia</retireReason>
    <visitTypeId>7</visitTypeId>
  </org.openmrs.VisitType>
  <org.openmrs.VisitType id="6" uuid="bef32e14-3f12-11e4-adec-0800271c1b75">
    <name>LAB VISIT</name>
    <description>Visits for lab visit by patient when the tests are not ordered through OpenMRS</description>
    <creator/>
    <dateCreated id="7">2014-09-17 17:00:00</dateCreated>
    <changedBy/>
    <dateChanged id="8">2017-05-09 19:58:38</dateChanged>
    <retired>true</retired>
    <dateRetired id="9">2017-05-09 19:58:38</dateRetired>
    <retiredBy/>
    <retireReason>Not used in OpenMRS distribution for Cambodia</retireReason>
    <visitTypeId>8</visitTypeId>
  </org.openmrs.VisitType>
  <org.openmrs.VisitType id="10" uuid="c228eab1-3f10-11e4-adec-0800271c1b75">
    <name>IPD</name>
    <description>Visit for patients being admitted</description>
    <creator/>
    <dateCreated id="11">2014-09-18 07:19:53</dateCreated>
    <changedBy/>
    <dateChanged id="12">2017-05-09 19:58:23</dateChanged>
    <retired>true</retired>
    <dateRetired id="13">2017-05-09 19:58:23</dateRetired>
    <retiredBy/>
    <retireReason>Not used in OpenMRS distribution for Cambodia</retireReason>
    <visitTypeId>3</visitTypeId>
  </org.openmrs.VisitType>
  <org.openmrs.VisitType id="14" uuid="c22a5000-3f10-11e4-adec-0800271c1b75">
    <name>OPD</name>
    <description>Visit for patients coming for OPD</description>
    <creator/>
    <dateCreated id="15">2014-09-18 07:19:53</dateCreated>
    <changedBy/>
    <dateChanged id="16">2017-05-09 19:58:27</dateChanged>
    <retired>true</retired>
    <dateRetired id="17">2017-05-09 19:58:27</dateRetired>
    <retiredBy/>
    <retireReason>Not used in OpenMRS distribution for Cambodia</retireReason>
    <visitTypeId>4</visitTypeId>
  </org.openmrs.VisitType>
  <org.openmrs.VisitType id="18" uuid="c23d6c9d-3f10-11e4-adec-0800271c1b75">
    <name>Special OPD</name>
    <description>Visit for patients coming for Dental, Spine, Skin etc</description>
    <creator/>
    <dateCreated id="19">2014-09-18 07:19:53</dateCreated>
    <changedBy/>
    <dateChanged id="20">2017-05-09 19:58:30</dateChanged>
    <retired>true</retired>
    <dateRetired id="21">2017-05-09 19:58:30</dateRetired>
    <retiredBy/>
    <retireReason>Not used in OpenMRS distribution for Cambodia</retireReason>
    <visitTypeId>5</visitTypeId>
  </org.openmrs.VisitType>
  <org.openmrs.VisitType id="22" uuid="c2402997-3f10-11e4-adec-0800271c1b75">
    <name>EMERGENCY</name>
    <description>Emergency patient visit</description>
    <creator/>
    <dateCreated id="23">2014-09-18 07:19:53</dateCreated>
    <changedBy/>
    <dateChanged id="24">2017-05-09 19:58:33</dateChanged>
    <retired>true</retired>
    <dateRetired id="25">2017-05-09 19:58:33</dateRetired>
    <retiredBy/>
    <retireReason>Not used in OpenMRS distribution for Cambodia</retireReason>
    <visitTypeId>6</visitTypeId>
  </org.openmrs.VisitType>
  <org.openmrs.VisitType id="26" uuid="eae30c9f-e076-4f5e-ac69-81ecf77492b3">
    <name>Outpatient</name>
    <description>impl.outpatient.desc</description>
    <creator/>
    <dateCreated id="27">2017-05-09 19:57:32</dateCreated>
    <retired>false</retired>
    <visitTypeId>9</visitTypeId>
  </org.openmrs.VisitType>
</list>
