<?xml version="1.0" encoding="UTF-8"?>
<package id="1" uuid="74922159-04b6-4586-9161-7c2d57aa3e22">
  <dateCreated id="2">2017-04-26 14:32:07</dateCreated>
  <name>ConceptSource</name>
  <description>Concept Sources required to start the OpenMRS distribution for Cambodia</description>
  <openmrsVersion>2.0.4  Build ad0cff</openmrsVersion>
  <version>1</version>
  <groupUuid>eca430b2-0963-4115-888d-026b150dafe8</groupUuid>
  <modules id="3">
    <entry>
      <string>calculation</string>
      <string>1.3-SNAPSHOT</string>
    </entry>
    <entry>
      <string>legacyui</string>
      <string>1.2.4-SNAPSHOT</string>
    </entry>
    <entry>
      <string>metadatasharing</string>
      <string>1.2.2</string>
    </entry>
    <entry>
      <string>bedmanagement</string>
      <string>5.6-SNAPSHOT</string>
    </entry>
    <entry>
      <string>providermanagement</string>
      <string>2.5.0</string>
    </entry>
    <entry>
      <string>bacteriology</string>
      <string>1.1-SNAPSHOT</string>
    </entry>
    <entry>
      <string>htmlwidgets</string>
      <string>1.7.3-SNAPSHOT</string>
    </entry>
    <entry>
      <string>reference-data</string>
      <string>0.88-SNAPSHOT</string>
    </entry>
    <entry>
      <string>addresshierarchy</string>
      <string>2.11.0-SNAPSHOT</string>
    </entry>
    <entry>
      <string>uiframework</string>
      <string>3.8</string>
    </entry>
    <entry>
      <string>rulesengine</string>
      <string>0.88-SNAPSHOT</string>
    </entry>
    <entry>
      <string>idgen-webservices</string>
      <string>1.1-SNAPSHOT</string>
    </entry>
    <entry>
      <string>event</string>
      <string>2.5</string>
    </entry>
    <entry>
      <string>uicommons</string>
      <string>1.10-SNAPSHOT</string>
    </entry>
    <entry>
      <string>reporting</string>
      <string>0.10.4</string>
    </entry>
    <entry>
      <string>emrapi</string>
      <string>1.20</string>
    </entry>
    <entry>
      <string>episodes</string>
      <string>1.0-SNAPSHOT</string>
    </entry>
    <entry>
      <string>idgen</string>
      <string>4.4-SNAPSHOT</string>
    </entry>
    <entry>
      <string>bahmnicore</string>
      <string>0.88-SNAPSHOT</string>
    </entry>
    <entry>
      <string>uilibrary</string>
      <string>2.0.5-SNAPSHOT</string>
    </entry>
    <entry>
      <string>initializer</string>
      <string>1.0-SNAPSHOT</string>
    </entry>
    <entry>
      <string>appframework</string>
      <string>2.10-SNAPSHOT</string>
    </entry>
    <entry>
      <string>webservices.rest</string>
      <string>2.17.1cd94b</string>
    </entry>
    <entry>
      <string>openmrs-atomfeed</string>
      <string>2.5.5-SNAPSHOT</string>
    </entry>
    <entry>
      <string>metadatamapping</string>
      <string>1.2.1</string>
    </entry>
    <entry>
      <string>bahmni.ie.apps</string>
      <string>0.88-SNAPSHOT</string>
    </entry>
    <entry>
      <string>serialization.xstream</string>
      <string>0.2.12</string>
    </entry>
  </modules>
  <items class="linked-hash-set" id="4">
    <org.openmrs.module.metadatasharing.Item id="5" uuid="213e091b-fd4b-42c3-bdd8-3205ce711262">
      <id>8</id>
      <classname>org.openmrs.ConceptSource</classname>
      <dateChanged id="6">2017-04-26 14:31:31</dateChanged>
      <retired>false</retired>
    </org.openmrs.module.metadatasharing.Item>
  </items>
  <relatedItems class="linked-hash-set" id="7"/>
</package>
