<?xml version="1.0" encoding="UTF-8"?>
<package id="1" uuid="6d0419de-250a-4ca5-9894-699ff8d64d25">
  <dateCreated id="2">2017-05-09 20:00:58</dateCreated>
  <name>ConceptSource</name>
  <description>Concept Sources required to start the OpenMRS distribution for Cambodia</description>
  <openmrsVersion>2.1.0  Build 7eadd7</openmrsVersion>
  <version>1</version>
  <groupUuid>8843886f-fe3c-4a2a-a75b-be4811802c0d</groupUuid>
  <modules id="3">
    <entry>
      <string>calculation</string>
      <string>1.3-SNAPSHOT</string>
    </entry>
    <entry>
      <string>legacyui</string>
      <string>1.2.4-SNAPSHOT</string>
    </entry>
    <entry>
      <string>metadatasharing</string>
      <string>1.2.2</string>
    </entry>
    <entry>
      <string>bedmanagement</string>
      <string>5.6-SNAPSHOT</string>
    </entry>
    <entry>
      <string>providermanagement</string>
      <string>2.5.0</string>
    </entry>
    <entry>
      <string>bacteriology</string>
      <string>1.1-SNAPSHOT</string>
    </entry>
    <entry>
      <string>htmlwidgets</string>
      <string>1.7.3-SNAPSHOT</string>
    </entry>
    <entry>
      <string>reference-data</string>
      <string>0.89-SNAPSHOT</string>
    </entry>
    <entry>
      <string>addresshierarchy</string>
      <string>2.11.0-SNAPSHOT</string>
    </entry>
    <entry>
      <string>uiframework</string>
      <string>3.8</string>
    </entry>
    <entry>
      <string>rulesengine</string>
      <string>0.89-SNAPSHOT</string>
    </entry>
    <entry>
      <string>idgen-webservices</string>
      <string>1.2-SNAPSHOT</string>
    </entry>
    <entry>
      <string>event</string>
      <string>2.5</string>
    </entry>
    <entry>
      <string>uicommons</string>
      <string>1.10-SNAPSHOT</string>
    </entry>
    <entry>
      <string>reporting</string>
      <string>0.10.4</string>
    </entry>
    <entry>
      <string>emrapi</string>
      <string>1.21.1-SNAPSHOT</string>
    </entry>
    <entry>
      <string>episodes</string>
      <string>1.0-SNAPSHOT</string>
    </entry>
    <entry>
      <string>idgen</string>
      <string>4.4-SNAPSHOT</string>
    </entry>
    <entry>
      <string>bahmnicore</string>
      <string>0.89-SNAPSHOT</string>
    </entry>
    <entry>
      <string>uilibrary</string>
      <string>2.0.5-SNAPSHOT</string>
    </entry>
    <entry>
      <string>initializer</string>
      <string>1.0-SNAPSHOT</string>
    </entry>
    <entry>
      <string>appframework</string>
      <string>2.10-SNAPSHOT</string>
    </entry>
    <entry>
      <string>webservices.rest</string>
      <string>2.17.1cd94b</string>
    </entry>
    <entry>
      <string>openmrs-atomfeed</string>
      <string>2.5.5-SNAPSHOT</string>
    </entry>
    <entry>
      <string>metadatamapping</string>
      <string>1.3.1</string>
    </entry>
    <entry>
      <string>bahmni.ie.apps</string>
      <string>0.89-SNAPSHOT</string>
    </entry>
    <entry>
      <string>serialization.xstream</string>
      <string>0.2.12</string>
    </entry>
  </modules>
  <items class="linked-hash-set" id="4">
    <org.openmrs.module.metadatasharing.Item id="5" uuid="213e091b-fd4b-42c3-bdd8-3205ce711262">
      <id>8</id>
      <classname>org.openmrs.ConceptSource</classname>
      <dateChanged id="6">2017-04-26 14:31:31</dateChanged>
      <retired>false</retired>
    </org.openmrs.module.metadatasharing.Item>
  </items>
  <relatedItems class="linked-hash-set" id="7"/>
</package>
